member_casual,rideable_type,day_of_week,month,hour_of_day,total_rides,avg_ride_length_minutes
casual,electric_bike,4,1,0,80,13.36
member,classic_bike,4,1,1,54,12.76
member,classic_bike,4,1,16,763,10.99
member,classic_bike,5,1,11,419,8.35
casual,electric_bike,5,1,14,149,9.89
member,classic_bike,6,1,18,542,10.26
member,electric_bike,7,1,17,271,10.01
member,classic_bike,3,1,9,327,9.14
member,electric_bike,3,1,15,389,8.65
member,classic_bike,4,1,13,353,9.57
member,classic_bike,4,1,14,377,11.82
casual,electric_bike,5,1,1,15,8.4
casual,electric_bike,7,1,10,88,11.41
member,classic_bike,7,1,18,253,10.4
member,classic_bike,7,1,20,144,9.8
member,electric_bike,1,1,14,217,7.72
member,electric_bike,2,1,9,241,6.69
casual,electric_bike,3,1,6,38,5.92
member,electric_bike,3,1,10,167,7.99
member,electric_bike,3,1,13,215,7.44
member,classic_bike,5,1,7,680,10.34
member,classic_bike,5,1,18,569,9.89
member,classic_bike,6,1,5,105,10.06
member,classic_bike,2,1,10,218,7.9
casual,classic_bike,3,1,17,87,28.09
member,classic_bike,4,1,15,482,10.65
member,classic_bike,5,1,8,934,10.03
casual,electric_bike,5,1,16,222,8.97
member,electric_bike,5,1,17,939,9.67
member,electric_bike,6,1,22,118,7.85
member,electric_bike,1,1,10,188,8.67
member,electric_bike,1,1,16,243,10.67
casual,electric_bike,2,1,17,84,6.67
member,electric_bike,5,1,12,413,6.89
member,electric_bike,6,1,12,295,7.24
member,electric_bike,7,2,7,136,6.57
member,electric_bike,1,2,9,209,6.89
member,classic_bike,1,2,13,450,10.11
member,classic_bike,2,2,9,413,9.3
member,electric_bike,2,2,16,792,9.16
member,classic_bike,3,2,14,344,10.0
member,classic_bike,3,2,16,821,12.52
member,electric_bike,4,2,10,235,7.82
member,electric_bike,4,2,13,253,7.49
member,classic_bike,6,2,12,407,10.53
member,electric_bike,6,2,20,159,8.39
member,classic_bike,7,2,12,434,10.92
member,classic_bike,7,2,17,302,11.14
member,classic_bike,1,2,15,416,11.46
member,electric_bike,3,2,4,16,7.44
member,classic_bike,4,2,9,398,9.61
member,classic_bike,6,2,17,672,12.88
member,classic_bike,1,2,1,53,24.43
member,electric_bike,2,2,10,208,9.58
member,classic_bike,5,2,12,333,8.65
casual,classic_bike,7,2,1,29,29.52
member,electric_bike,4,2,14,289,7.78
member,electric_bike,4,2,15,463,8.45
member,electric_bike,5,2,6,271,7.09
member,electric_bike,5,2,7,623,7.97
member,electric_bike,5,2,8,703,8.26
member,classic_bike,5,2,17,939,11.01
member,electric_bike,5,2,18,562,8.69
member,classic_bike,7,3,11,888,13.62
member,classic_bike,1,3,9,488,11.08
member,electric_bike,1,3,13,545,10.55
casual,electric_bike,1,3,18,223,14.35
member,classic_bike,1,3,21,206,8.63
casual,electric_bike,2,3,12,184,11.81
member,classic_bike,2,3,15,968,12.41
member,electric_bike,4,3,9,532,7.5
member,classic_bike,4,3,14,414,9.38
member,classic_bike,5,3,7,658,12.43
member,electric_bike,5,3,12,421,8.44
member,classic_bike,6,3,7,631,11.02
member,classic_bike,7,3,20,311,13.2
member,electric_bike,2,3,9,510,8.07
member,classic_bike,2,3,10,445,8.73
member,classic_bike,2,3,13,604,10.2
member,classic_bike,2,3,14,665,12.23
member,electric_bike,3,3,13,338,7.69
member,classic_bike,4,3,13,431,10.92
member,classic_bike,4,3,16,874,12.61
member,classic_bike,5,3,8,983,10.04
member,electric_bike,5,3,19,507,9.6
member,classic_bike,6,3,8,766,10.49
member,classic_bike,6,3,18,1171,14.17
member,electric_bike,1,3,15,409,11.9
member,classic_bike,4,3,10,421,10.18
member,electric_bike,6,3,17,1098,12.3
member,classic_bike,7,3,7,217,11.15
member,electric_bike,1,3,1,66,10.09
member,classic_bike,2,3,16,1542,12.18
member,electric_bike,3,3,14,366,9.68
member,classic_bike,3,3,21,270,9.24
member,classic_bike,5,3,6,296,9.16
casual,electric_bike,5,3,13,160,17.49
member,classic_bike,5,3,18,985,12.05
member,electric_bike,5,3,22,195,8.45
casual,classic_bike,6,3,21,219,25.06
member,electric_bike,7,3,12,648,10.92
member,classic_bike,7,3,18,684,12.46
member,electric_bike,1,3,14,532,9.98
member,classic_bike,3,4,16,2029,12.9
member,electric_bike,4,4,16,1652,9.98
member,electric_bike,5,4,8,1275,9.43
member,electric_bike,5,4,18,983,9.74
member,classic_bike,5,4,19,816,10.66
member,classic_bike,6,4,23,132,23.61
member,electric_bike,7,4,7,151,7.46
member,electric_bike,7,4,8,287,8.43
member,classic_bike,7,4,12,998,13.91
casual,classic_bike,7,4,16,743,28.29
member,classic_bike,7,4,19,554,11.49
member,electric_bike,1,4,9,356,9.99
member,classic_bike,1,4,15,866,15.58
casual,electric_bike,1,4,22,118,11.73
member,electric_bike,2,4,10,285,8.89
member,electric_bike,2,4,15,854,9.82
member,classic_bike,3,4,10,618,10.46
member,classic_bike,3,4,13,835,9.79
member,electric_bike,5,4,7,1181,8.81
member,electric_bike,5,4,11,442,10.65
member,classic_bike,5,4,12,693,10.65
casual,classic_bike,5,4,14,338,35.0
member,classic_bike,5,4,17,1674,12.15
member,electric_bike,6,4,8,901,9.11
member,classic_bike,6,4,12,791,10.68
member,classic_bike,6,4,19,668,11.92
member,electric_bike,7,4,6,107,9.03
member,electric_bike,7,4,11,642,10.08
casual,classic_bike,7,4,15,771,32.65
member,electric_bike,7,4,18,544,10.75
member,classic_bike,1,4,10,758,12.19
member,classic_bike,2,4,9,708,9.66
member,electric_bike,2,4,14,543,9.18
casual,electric_bike,3,4,17,717,12.35
member,classic_bike,4,4,9,821,9.35
member,electric_bike,4,4,13,604,7.85
member,electric_bike,4,4,15,1066,9.15
member,classic_bike,5,4,22,238,9.8
casual,classic_bike,6,4,13,382,32.09
member,classic_bike,6,4,17,1220,11.83
member,classic_bike,7,4,17,817,16.44
member,classic_bike,1,4,13,930,13.82
member,electric_bike,2,4,13,459,9.53
casual,classic_bike,3,4,5,25,15.84
member,electric_bike,3,4,21,394,8.6
member,electric_bike,4,4,14,616,8.94
casual,classic_bike,4,4,17,563,19.45
casual,classic_bike,6,4,16,541,25.1
casual,classic_bike,1,4,11,563,31.36
member,classic_bike,1,4,14,850,13.86
member,classic_bike,1,4,16,888,13.73
member,electric_bike,3,4,9,743,8.44
member,classic_bike,4,4,4,41,9.68
casual,electric_bike,4,4,7,225,7.14
member,electric_bike,4,4,10,396,9.24
member,classic_bike,4,4,21,516,12.34
member,classic_bike,5,5,13,993,11.24
casual,electric_bike,7,5,23,334,13.66
member,classic_bike,1,5,8,423,12.04
casual,electric_bike,1,5,15,670,21.93
member,electric_bike,2,5,8,933,9.04
member,classic_bike,2,5,12,791,13.76
member,electric_bike,2,5,18,999,10.29
member,electric_bike,2,5,20,385,9.48
member,classic_bike,3,5,11,657,10.5
member,electric_bike,3,5,17,1816,11.5
member,electric_bike,3,5,19,592,10.3
member,electric_bike,4,5,8,1239,8.88
member,classic_bike,4,5,12,771,10.46
member,classic_bike,4,5,17,2210,13.45
member,electric_bike,4,5,18,1097,10.2
member,classic_bike,4,5,19,1068,13.59
member,electric_bike,4,5,20,419,9.95
member,electric_bike,5,5,9,757,9.12
member,classic_bike,5,5,15,1294,12.08
member,classic_bike,6,5,13,1164,12.36
member,classic_bike,6,5,16,1843,13.97
casual,classic_bike,6,5,18,1067,25.6
casual,classic_bike,7,5,8,399,30.12
member,electric_bike,7,5,9,655,10.83
member,classic_bike,7,5,15,1298,16.17
member,classic_bike,7,5,16,1308,15.34
member,electric_bike,1,5,17,589,12.42
member,electric_bike,2,5,7,864,8.5
member,electric_bike,2,5,11,475,10.22
member,classic_bike,2,5,19,929,11.58
member,classic_bike,3,5,5,172,12.61
member,classic_bike,3,5,6,557,9.69
casual,electric_bike,3,5,13,316,17.57
member,classic_bike,3,5,18,1645,13.46
member,electric_bike,3,5,23,144,11.55
member,classic_bike,5,5,10,750,11.14
casual,electric_bike,5,5,22,286,12.04
member,electric_bike,6,5,21,455,9.88
member,classic_bike,7,5,13,1350,14.73
member,classic_bike,7,5,14,1305,17.98
member,classic_bike,1,5,6,122,24.33
member,classic_bike,1,5,7,202,13.44
casual,electric_bike,1,5,16,625,19.04
member,classic_bike,1,5,18,696,14.69
member,electric_bike,1,5,23,134,8.67
member,classic_bike,5,5,14,922,12.07
member,electric_bike,5,5,21,509,9.64
casual,classic_bike,6,5,11,717,33.95
member,classic_bike,6,5,14,1246,11.92
casual,classic_bike,7,5,11,1302,37.48
member,electric_bike,7,5,21,379,10.37
casual,electric_bike,7,5,22,298,13.99
member,electric_bike,1,5,12,649,10.67
casual,classic_bike,2,5,15,677,30.85
casual,classic_bike,2,5,16,808,33.04
member,classic_bike,2,5,22,204,10.75
casual,classic_bike,7,5,18,1099,28.37
member,electric_bike,1,6,12,1016,12.82
member,classic_bike,1,6,20,793,13.71
member,electric_bike,2,6,5,253,8.34
member,electric_bike,2,6,7,1497,9.31
member,electric_bike,2,6,8,1544,9.88
member,classic_bike,2,6,22,399,13.34
member,classic_bike,3,6,8,1992,12.1
member,electric_bike,4,6,11,495,10.29
member,classic_bike,5,6,13,1030,12.72
member,classic_bike,5,6,14,1034,14.43
member,classic_bike,5,6,16,1857,14.97
casual,classic_bike,5,6,18,1335,31.88
casual,classic_bike,5,6,20,771,23.7
casual,electric_bike,5,6,23,253,14.31
member,classic_bike,6,6,14,894,14.47
member,classic_bike,6,6,15,1174,13.07
casual,electric_bike,6,6,17,1235,15.5
casual,classic_bike,6,6,18,1429,28.26
member,electric_bike,7,6,9,711,10.8
casual,classic_bike,7,6,11,1852,32.53
member,classic_bike,7,6,14,1415,16.08
casual,classic_bike,1,6,21,486,34.65
casual,classic_bike,2,6,15,906,30.69
member,classic_bike,2,6,19,1858,14.97
casual,electric_bike,3,6,1,47,8.68
member,electric_bike,3,6,17,2239,12.26
member,classic_bike,3,6,18,2275,13.82
member,electric_bike,4,6,6,549,10.02
member,classic_bike,4,6,17,2318,13.84
member,electric_bike,4,6,18,1054,10.86
member,classic_bike,4,6,22,399,12.51
member,classic_bike,5,6,15,1197,13.78
member,classic_bike,7,6,10,1268,14.91
member,classic_bike,7,6,13,1466,15.7
casual,classic_bike,7,6,18,1518,29.79
casual,electric_bike,7,6,23,494,19.64
member,classic_bike,1,6,6,220,14.66
casual,electric_bike,1,6,10,918,19.71
member,classic_bike,1,6,11,1572,14.92
casual,electric_bike,1,6,15,1287,19.49
member,electric_bike,1,6,23,173,10.66
member,classic_bike,2,6,17,3323,14.27
member,electric_bike,2,6,18,1594,11.45
member,classic_bike,3,6,6,780,14.25
member,classic_bike,3,6,7,1681,12.51
casual,electric_bike,3,6,10,274,16.87
casual,electric_bike,3,6,14,479,18.82
casual,classic_bike,3,6,21,513,27.47
casual,electric_bike,5,6,19,640,15.2
member,electric_bike,5,6,21,542,11.94
casual,classic_bike,6,6,5,107,24.99
member,electric_bike,6,6,9,641,10.71
member,classic_bike,6,6,16,1738,13.11
member,classic_bike,7,6,16,1311,15.22
casual,electric_bike,7,6,17,1230,18.94
casual,classic_bike,2,6,1,84,29.82
member,electric_bike,2,6,11,608,11.16
member,electric_bike,2,6,20,858,12.53
member,classic_bike,3,6,11,843,11.65
casual,electric_bike,3,6,15,589,16.5
member,electric_bike,4,6,8,1307,9.47
member,classic_bike,4,6,12,824,11.8
casual,classic_bike,4,6,16,754,22.7
member,classic_bike,6,6,13,919,12.09
casual,electric_bike,6,6,19,725,17.39
member,electric_bike,6,6,21,470,11.84
casual,electric_bike,7,6,12,1129,20.46
member,classic_bike,7,6,15,1336,16.74
member,classic_bike,1,6,18,1193,14.87
member,electric_bike,2,6,6,928,9.3
casual,classic_bike,2,6,13,868,33.35
casual,classic_bike,2,6,16,1114,31.41
member,classic_bike,3,7,6,1049,18.51
member,classic_bike,3,7,7,2125,14.98
member,classic_bike,3,7,11,1131,12.09
casual,electric_bike,3,7,15,888,14.92
member,electric_bike,3,7,17,3068,11.68
member,classic_bike,3,7,20,1622,15.8
member,electric_bike,3,7,22,432,12.01
casual,classic_bike,4,7,1,76,19.84
member,electric_bike,4,7,7,2027,9.39
member,classic_bike,4,7,12,1224,12.58
casual,classic_bike,4,7,16,1019,26.42
member,classic_bike,4,7,17,3267,14.41
member,classic_bike,4,7,22,508,17.62
member,electric_bike,5,7,9,1005,10.06
casual,electric_bike,5,7,12,808,16.79
casual,electric_bike,6,7,12,906,19.73
member,classic_bike,6,7,13,1064,15.85
member,classic_bike,6,7,16,1657,14.89
casual,electric_bike,6,7,22,600,17.84
member,electric_bike,7,7,9,673,10.8
member,classic_bike,7,7,10,1191,14.59
member,classic_bike,7,7,14,1170,14.84
casual,electric_bike,7,7,19,1062,18.5
casual,classic_bike,7,7,20,1069,33.54
casual,electric_bike,1,7,14,1122,21.79
member,electric_bike,2,7,7,1288,9.34
member,electric_bike,2,7,8,1485,9.65
casual,electric_bike,2,7,9,311,15.88
member,classic_bike,2,7,12,833,11.57
casual,classic_bike,2,7,13,740,35.81
member,classic_bike,2,7,17,2868,15.06
casual,electric_bike,2,7,21,542,15.36
member,electric_bike,3,7,19,1381,11.4
member,electric_bike,4,7,18,1894,11.88
member,classic_bike,4,7,19,1977,14.05
member,classic_bike,5,7,14,1220,12.69
member,classic_bike,5,7,16,2209,13.42
casual,electric_bike,5,7,17,1640,14.65
casual,classic_bike,5,7,18,1458,27.76
member,classic_bike,6,7,14,1013,16.79
casual,electric_bike,6,7,19,989,17.82
member,electric_bike,6,7,21,627,12.69
member,electric_bike,7,7,2,111,12.67
member,classic_bike,7,7,3,43,32.14
member,classic_bike,7,7,13,1098,16.9
member,classic_bike,7,7,15,1150,15.95
member,classic_bike,7,7,16,1270,18.35
casual,electric_bike,7,7,17,1373,19.21
casual,electric_bike,1,7,15,1199,19.86
member,classic_bike,1,7,18,1202,14.46
member,electric_bike,2,7,6,777,8.94
casual,classic_bike,2,7,15,810,35.16
member,electric_bike,2,7,18,1457,11.88
member,classic_bike,2,7,19,1713,16.53
member,classic_bike,3,7,8,2477,12.79
casual,electric_bike,3,7,10,427,18.56
member,electric_bike,4,7,8,2224,9.82
casual,classic_bike,4,7,14,715,27.5
casual,classic_bike,6,7,6,126,21.87
member,classic_bike,6,7,15,1189,16.78
member,electric_bike,1,7,12,1027,13.18
casual,electric_bike,1,7,13,1157,21.9
member,electric_bike,1,7,17,848,13.32
casual,classic_bike,1,7,21,445,28.18
member,electric_bike,2,7,11,561,11.09
member,electric_bike,2,7,20,792,11.82
member,classic_bike,4,7,0,102,13.65
casual,electric_bike,4,7,9,417,13.96
member,electric_bike,4,7,11,753,10.46
member,classic_bike,6,7,1,64,9.38
member,electric_bike,6,7,9,628,9.87
casual,electric_bike,7,7,12,1020,19.89
member,electric_bike,7,7,21,560,13.79
casual,classic_bike,1,7,9,598,36.1
casual,electric_bike,1,7,16,1117,18.56
member,electric_bike,1,7,22,308,12.56
casual,classic_bike,2,7,16,979,30.27
member,classic_bike,3,7,18,3055,15.18
member,electric_bike,4,7,6,1031,10.41
member,classic_bike,4,7,23,239,13.64
member,classic_bike,5,7,15,1355,12.62
member,electric_bike,5,7,21,701,11.85
member,classic_bike,6,8,10,970,13.13
member,classic_bike,6,8,14,1430,13.14
casual,electric_bike,6,8,23,624,15.95
member,classic_bike,7,8,10,1723,14.2
casual,classic_bike,7,8,11,2445,36.8
member,classic_bike,7,8,13,1841,15.49
casual,classic_bike,7,8,18,1698,28.6
member,electric_bike,7,8,21,642,12.52
member,classic_bike,1,8,11,1710,16.48
member,electric_bike,1,8,12,1244,13.58
casual,electric_bike,1,8,14,1646,20.74
casual,electric_bike,2,8,2,80,17.98
member,electric_bike,2,8,6,754,8.86
member,electric_bike,2,8,8,1401,9.78
member,classic_bike,2,8,12,992,12.31
casual,classic_bike,2,8,13,671,33.38
member,classic_bike,3,8,6,750,11.94
member,classic_bike,3,8,7,1659,11.11
member,classic_bike,3,8,8,1993,11.34
member,classic_bike,3,8,18,2087,13.9
member,classic_bike,3,8,20,1096,13.39
casual,classic_bike,4,8,10,430,31.77
casual,classic_bike,4,8,14,653,37.58
casual,classic_bike,4,8,15,705,28.61
member,classic_bike,4,8,17,3108,14.33
member,electric_bike,4,8,18,1638,12.45
member,classic_bike,4,8,19,1787,14.53
member,electric_bike,5,8,9,772,9.95
member,classic_bike,5,8,15,1245,14.61
casual,classic_bike,6,8,11,1062,37.24
member,classic_bike,7,8,14,1766,15.31
casual,electric_bike,7,8,19,958,18.04
member,classic_bike,1,8,8,887,16.28
casual,electric_bike,1,8,13,1643,20.93
member,electric_bike,2,8,20,606,10.5
member,electric_bike,3,8,12,638,10.69
member,electric_bike,3,8,19,958,11.44
member,electric_bike,4,8,7,1678,9.82
member,classic_bike,5,8,10,855,12.12
member,classic_bike,5,8,16,2221,13.86
casual,electric_bike,6,8,12,1221,19.79
member,classic_bike,6,8,13,1455,12.21
member,classic_bike,6,8,16,2284,13.89
member,electric_bike,6,8,21,706,11.89
member,classic_bike,1,8,6,252,14.31
casual,electric_bike,1,8,15,1711,20.4
member,electric_bike,1,8,17,1257,13.63
member,classic_bike,1,8,20,883,13.85
casual,classic_bike,1,8,21,624,21.46
member,electric_bike,1,8,22,457,11.49
member,classic_bike,2,8,19,1387,13.38
member,electric_bike,4,8,6,843,9.21
casual,classic_bike,4,8,16,942,24.56
member,classic_bike,4,8,23,240,14.54
casual,classic_bike,5,8,7,272,18.94
casual,electric_bike,6,8,17,1764,16.39
member,electric_bike,7,8,2,130,10.45
member,classic_bike,7,8,15,1780,15.66
member,classic_bike,1,8,7,509,16.72
casual,electric_bike,1,8,10,1134,22.5
casual,classic_bike,2,8,10,382,42.48
casual,classic_bike,2,8,16,893,30.52
member,classic_bike,2,8,22,187,12.92
casual,classic_bike,3,8,9,369,27.61
member,classic_bike,4,8,0,83,12.76
casual,electric_bike,4,8,2,42,12.5
member,electric_bike,4,8,8,1801,9.97
member,classic_bike,5,8,14,854,13.5
casual,classic_bike,5,8,18,1362,27.26
member,classic_bike,6,8,1,91,12.22
member,electric_bike,6,8,2,70,15.49
member,electric_bike,6,8,9,1014,9.76
casual,electric_bike,1,8,16,1822,20.02
member,classic_bike,1,8,18,1729,16.0
casual,electric_bike,2,9,18,1103,14.2
casual,classic_bike,2,9,19,706,21.37
casual,electric_bike,3,9,0,193,9.56
member,classic_bike,3,9,16,2875,14.64
casual,electric_bike,3,9,23,233,11.96
casual,classic_bike,4,9,0,77,26.79
member,classic_bike,4,9,4,38,21.66
member,classic_bike,4,9,9,1102,12.05
member,classic_bike,5,9,12,1136,11.18
casual,classic_bike,5,9,13,444,23.25
casual,classic_bike,5,9,14,545,35.77
member,classic_bike,5,9,17,2827,13.86
member,electric_bike,5,9,18,1823,11.44
member,electric_bike,5,9,20,721,10.3
member,electric_bike,6,9,6,643,8.95
member,classic_bike,6,9,22,468,12.94
casual,classic_bike,7,9,15,1389,28.38
member,electric_bike,7,9,20,533,11.81
casual,electric_bike,1,9,0,445,14.09
casual,classic_bike,1,9,11,1218,39.27
member,classic_bike,1,9,16,1558,15.15
casual,classic_bike,1,9,20,345,27.1
casual,classic_bike,2,9,12,1127,37.83
member,classic_bike,3,9,13,1256,11.61
casual,classic_bike,3,9,20,463,23.69
casual,electric_bike,4,9,8,599,8.48
casual,classic_bike,4,9,12,402,27.2
member,electric_bike,4,9,16,2261,11.56
member,electric_bike,5,9,6,828,8.71
member,classic_bike,5,9,22,408,11.89
member,classic_bike,6,9,12,1189,11.42
member,electric_bike,6,9,20,663,11.06
member,classic_bike,6,9,23,379,14.99
casual,electric_bike,7,9,2,217,12.61
member,classic_bike,7,9,12,1489,14.6
casual,classic_bike,7,9,13,1460,30.79
casual,classic_bike,7,9,14,1468,31.27
member,classic_bike,7,9,19,725,13.22
member,electric_bike,1,9,2,115,10.11
casual,electric_bike,1,9,12,1217,19.33
member,classic_bike,1,9,14,1421,16.09
casual,electric_bike,1,9,17,977,18.77
member,electric_bike,2,9,13,939,10.59
member,electric_bike,2,9,16,2228,11.99
casual,classic_bike,3,9,11,427,32.79
member,classic_bike,3,9,15,1761,12.72
casual,electric_bike,4,9,7,501,8.78
member,electric_bike,4,9,10,539,11.08
member,electric_bike,4,9,14,875,10.89
member,electric_bike,5,9,5,214,7.06
member,electric_bike,5,9,8,1949,9.65
member,electric_bike,6,9,7,1220,9.37
casual,classic_bike,6,9,13,666,32.92
casual,classic_bike,7,9,16,1398,30.77
member,classic_bike,1,9,13,1435,15.02
casual,electric_bike,1,9,22,264,13.81
member,electric_bike,3,9,9,968,9.65
member,classic_bike,4,9,21,686,12.83
member,electric_bike,5,9,11,642,11.44
member,electric_bike,6,9,11,800,10.31
casual,classic_bike,6,9,15,837,27.64
casual,classic_bike,6,9,16,998,26.21
member,classic_bike,6,9,19,1228,14.81
member,classic_bike,7,9,22,451,13.47
member,classic_bike,1,9,1,183,10.68
member,electric_bike,1,9,9,648,11.11
casual,classic_bike,1,9,18,965,27.57
member,classic_bike,2,9,9,1278,11.17
casual,classic_bike,3,9,8,485,17.48
casual,electric_bike,3,9,12,551,16.1
casual,electric_bike,3,9,17,1613,14.09
casual,classic_bike,4,10,11,314,26.11
casual,electric_bike,4,10,12,459,12.97
member,classic_bike,4,10,15,1565,11.55
member,classic_bike,4,10,16,2537,12.23
casual,electric_bike,4,10,23,178,9.98
member,classic_bike,5,10,5,242,13.97
member,classic_bike,5,10,11,1064,11.1
member,electric_bike,5,10,12,955,9.56
member,electric_bike,5,10,17,3129,11.52
member,electric_bike,5,10,23,399,10.69
member,classic_bike,6,10,5,210,14.4
member,classic_bike,7,10,7,353,11.11
member,classic_bike,7,10,8,678,13.39
member,electric_bike,7,10,17,1046,12.03
member,electric_bike,7,10,19,670,11.15
casual,classic_bike,1,10,0,241,13.42
member,classic_bike,2,10,14,921,12.18
member,classic_bike,2,10,16,1878,14.21
member,electric_bike,2,10,21,441,9.7
member,electric_bike,3,10,14,660,9.83
casual,electric_bike,3,10,20,245,10.25
member,electric_bike,4,10,9,955,8.76
member,classic_bike,4,10,13,1159,11.25
casual,electric_bike,5,10,16,1284,12.85
member,classic_bike,6,10,8,1571,12.75
casual,electric_bike,6,10,10,485,16.58
casual,electric_bike,6,10,15,1276,15.96
member,electric_bike,6,10,19,1122,10.51
member,electric_bike,6,10,22,569,10.02
member,classic_bike,7,10,6,161,11.97
casual,electric_bike,7,10,16,1095,17.56
member,classic_bike,7,10,18,1079,15.66
member,classic_bike,7,10,20,490,13.46
member,classic_bike,1,10,9,717,17.13
casual,classic_bike,1,10,12,1214,31.39
member,electric_bike,1,10,13,868,12.78
member,electric_bike,1,10,16,1012,13.48
member,classic_bike,2,10,13,955,13.19
member,electric_bike,3,10,13,673,9.9
member,electric_bike,3,10,16,1936,10.88
casual,electric_bike,3,10,18,594,11.43
casual,classic_bike,4,10,6,92,23.58
member,classic_bike,4,10,14,1125,10.56
casual,classic_bike,4,10,18,622,20.86
member,classic_bike,5,10,6,790,11.99
member,classic_bike,5,10,7,1825,13.41
member,electric_bike,5,10,19,1311,10.89
member,classic_bike,6,10,7,1198,13.05
member,classic_bike,6,10,11,1089,13.25
member,electric_bike,6,10,12,1148,9.66
member,electric_bike,6,10,17,2169,11.4
member,classic_bike,6,10,20,804,11.68
member,electric_bike,6,10,23,428,9.95
casual,electric_bike,7,10,10,948,18.33
member,electric_bike,1,10,3,62,10.05
casual,classic_bike,2,10,7,199,15.29
member,classic_bike,2,10,15,1226,13.1
casual,electric_bike,3,10,8,397,8.32
member,classic_bike,3,10,9,781,11.78
member,electric_bike,3,10,10,422,9.21
member,classic_bike,3,10,21,538,11.01
member,electric_bike,5,10,0,98,11.35
casual,electric_bike,5,10,1,74,10.43
member,classic_bike,5,10,8,2285,12.63
member,classic_bike,7,10,11,1345,14.33
member,electric_bike,7,10,22,420,10.86
member,electric_bike,1,10,14,929,12.47
member,classic_bike,2,10,10,718,13.02
member,classic_bike,4,10,10,914,13.94
member,electric_bike,5,10,22,520,9.98
casual,electric_bike,6,10,3,40,7.65
member,classic_bike,7,11,10,899,13.43
member,classic_bike,7,11,15,1087,15.2
member,classic_bike,1,11,6,102,12.79
casual,classic_bike,1,11,9,246,25.17
member,electric_bike,2,11,5,163,6.82
member,electric_bike,2,11,7,962,8.93
member,classic_bike,2,11,12,623,11.77
member,classic_bike,2,11,17,1506,11.86
member,electric_bike,2,11,18,932,8.95
member,classic_bike,2,11,23,94,13.21
member,classic_bike,3,11,7,880,13.24
member,classic_bike,3,11,8,1218,12.66
member,classic_bike,3,11,11,511,10.91
member,electric_bike,3,11,12,499,8.95
member,electric_bike,3,11,19,626,9.02
member,electric_bike,4,11,7,1267,9.06
member,electric_bike,4,11,11,448,8.83
member,electric_bike,4,11,20,447,9.24
casual,classic_bike,5,11,8,155,22.69
member,classic_bike,5,11,15,820,14.89
member,electric_bike,6,11,9,549,8.65
member,classic_bike,6,11,13,798,13.06
member,classic_bike,6,11,15,1027,14.66
member,classic_bike,7,11,14,1171,14.54
member,classic_bike,7,11,16,897,15.82
casual,electric_bike,1,11,14,467,16.64
member,classic_bike,3,11,5,129,15.68
member,classic_bike,3,11,6,399,14.16
casual,electric_bike,3,11,15,362,9.62
member,electric_bike,4,11,6,615,7.66
member,classic_bike,4,11,12,677,15.92
member,electric_bike,4,11,18,1030,9.52
member,classic_bike,5,11,16,1156,11.58
member,electric_bike,6,11,21,327,10.25
member,electric_bike,7,11,9,587,9.65
casual,classic_bike,7,11,20,193,22.28
member,classic_bike,1,11,11,920,16.07
member,classic_bike,1,11,18,554,13.36
member,electric_bike,2,11,11,367,11.39
casual,classic_bike,2,11,15,220,22.55
member,classic_bike,3,11,20,545,13.17
member,electric_bike,3,11,22,260,9.6
member,classic_bike,4,11,17,1670,12.04
member,classic_bike,4,11,19,747,14.55
member,classic_bike,5,11,10,524,13.06
member,classic_bike,5,11,13,638,11.83
member,classic_bike,6,11,10,571,10.75
casual,electric_bike,1,11,13,403,15.55
casual,electric_bike,1,11,15,520,13.69
casual,electric_bike,1,11,16,419,13.41
member,electric_bike,1,11,17,579,11.61
member,electric_bike,2,11,8,1054,8.79
member,electric_bike,2,11,20,361,9.99
member,classic_bike,3,11,18,1165,12.25
casual,electric_bike,5,11,0,65,10.55
member,classic_bike,7,11,13,1078,15.99
member,classic_bike,2,12,8,547,14.2
member,electric_bike,3,12,7,641,7.94
member,electric_bike,6,12,10,202,8.5
member,electric_bike,2,12,17,723,10.24
member,electric_bike,2,12,19,320,8.85
member,classic_bike,4,12,6,222,12.91
member,classic_bike,4,12,8,532,12.55
member,classic_bike,4,12,11,318,10.39
member,classic_bike,4,12,18,520,12.92
member,electric_bike,4,12,22,114,9.72
casual,classic_bike,5,12,12,63,19.06
member,electric_bike,7,12,14,297,10.59
casual,electric_bike,3,12,4,8,4.88
member,electric_bike,3,12,8,858,8.55
member,classic_bike,3,12,17,867,21.1
member,electric_bike,3,12,18,547,9.08
member,electric_bike,6,12,16,563,10.09
member,electric_bike,1,12,18,176,11.28
casual,electric_bike,2,12,15,133,8.32
member,electric_bike,4,12,0,27,7.56
casual,classic_bike,6,12,19,55,11.53
member,classic_bike,6,12,21,125,19.06
member,electric_bike,2,12,12,278,9.65
member,electric_bike,4,1,2,33,9.27
member,electric_bike,5,1,19,360,7.61
member,classic_bike,5,1,20,273,10.01
member,classic_bike,6,1,8,408,10.04
member,electric_bike,1,1,15,241,10.17
member,classic_bike,2,1,13,303,9.51
casual,electric_bike,2,1,23,23,14.91
member,classic_bike,4,1,10,344,9.31
casual,electric_bike,4,1,17,172,7.97
member,classic_bike,5,1,5,112,9.55
casual,electric_bike,5,1,13,137,10.07
member,classic_bike,6,1,6,211,9.04
member,classic_bike,6,1,7,374,10.87
member,electric_bike,6,1,19,283,9.7
member,electric_bike,6,1,23,104,8.27
member,classic_bike,7,1,8,179,9.3
member,electric_bike,7,1,12,293,8.36
member,classic_bike,2,1,14,276,9.65
member,classic_bike,2,1,16,468,10.07
casual,electric_bike,2,1,22,20,7.3
member,electric_bike,3,1,16,719,9.36
member,classic_bike,3,1,21,146,9.16
casual,electric_bike,6,1,10,48,7.13
casual,electric_bike,6,1,14,110,10.19
member,classic_bike,1,1,9,171,10.32
member,electric_bike,6,1,17,652,9.3
member,classic_bike,7,1,11,422,10.34
casual,electric_bike,7,1,13,139,10.77
member,electric_bike,7,1,19,174,8.36
member,electric_bike,1,1,13,246,8.4
member,classic_bike,1,1,21,92,10.41
member,classic_bike,2,1,15,353,9.75
member,electric_bike,2,1,21,137,8.53
casual,electric_bike,3,1,7,82,5.93
casual,electric_bike,3,1,8,89,6.74
member,electric_bike,3,1,14,225,7.99
casual,electric_bike,4,1,23,32,8.5
casual,electric_bike,6,1,1,18,6.72
member,classic_bike,6,1,20,170,10.24
member,classic_bike,7,2,0,56,10.7
casual,classic_bike,7,2,13,92,19.71
member,electric_bike,7,2,20,158,9.69
member,classic_bike,1,2,14,482,10.51
casual,electric_bike,1,2,19,54,8.46
casual,electric_bike,2,2,6,40,5.57
casual,electric_bike,2,2,20,56,7.57
member,classic_bike,3,2,1,10,6.1
member,classic_bike,3,2,10,305,9.16
member,classic_bike,3,2,13,343,9.41
member,classic_bike,3,2,15,506,10.89
casual,electric_bike,3,2,17,229,8.87
casual,electric_bike,3,2,19,77,8.1
casual,classic_bike,4,2,12,41,11.61
member,electric_bike,4,2,16,763,8.9
member,classic_bike,5,2,19,354,10.18
member,electric_bike,5,2,20,213,7.14
member,electric_bike,6,2,6,255,6.91
member,electric_bike,6,2,7,518,7.42
member,electric_bike,6,2,8,565,8.07
member,electric_bike,6,2,18,472,9.4
member,classic_bike,6,2,19,265,13.89
member,electric_bike,7,2,8,189,7.26
member,electric_bike,7,2,11,301,10.23
casual,electric_bike,7,2,21,52,7.31
member,classic_bike,1,2,16,449,10.71
member,electric_bike,3,2,21,166,7.49
casual,electric_bike,4,2,18,97,6.22
member,classic_bike,4,2,21,165,10.95
member,electric_bike,5,2,11,266,8.34
member,classic_bike,1,2,10,349,12.34
casual,electric_bike,1,2,12,150,11.91
member,electric_bike,2,2,13,321,7.08
member,electric_bike,5,2,5,83,5.4
casual,classic_bike,5,2,14,55,19.29
member,classic_bike,5,2,22,131,8.88
member,electric_bike,6,2,11,340,9.59
member,electric_bike,2,2,14,307,8.1
casual,classic_bike,3,2,11,57,14.4
member,classic_bike,4,2,2,5,16.6
member,classic_bike,5,2,23,67,18.63
member,classic_bike,6,2,22,98,11.4
member,classic_bike,7,3,8,405,11.85
member,electric_bike,7,3,17,567,10.33
casual,electric_bike,2,3,17,590,12.15
casual,electric_bike,3,3,5,29,7.24
member,classic_bike,3,3,9,625,9.82
member,electric_bike,3,3,10,279,7.98
member,electric_bike,3,3,16,1241,10.6
casual,classic_bike,3,3,17,383,27.93
casual,electric_bike,4,3,0,29,6.59
casual,electric_bike,4,3,17,300,10.85
member,electric_bike,5,3,17,1334,10.19
member,classic_bike,5,3,20,375,9.89
member,electric_bike,6,3,12,507,9.26
casual,electric_bike,6,3,15,623,19.21
member,classic_bike,6,3,20,463,12.18
casual,electric_bike,7,3,1,104,9.98
member,electric_bike,7,3,19,413,9.99
member,electric_bike,7,3,22,195,9.29
casual,electric_bike,1,3,8,97,10.22
member,electric_bike,1,3,10,390,9.22
member,electric_bike,1,3,16,410,11.68
member,electric_bike,2,3,21,288,8.85
casual,electric_bike,2,3,23,88,9.99
casual,electric_bike,3,3,11,134,13.24
member,classic_bike,5,3,5,81,9.93
casual,electric_bike,5,3,15,272,13.55
member,electric_bike,6,3,19,537,11.01
casual,electric_bike,7,3,13,510,16.26
casual,electric_bike,7,3,16,458,15.9
casual,electric_bike,2,3,19,238,10.28
casual,classic_bike,2,3,20,122,17.88
member,electric_bike,3,3,15,670,9.44
casual,electric_bike,4,3,19,139,7.71
member,electric_bike,4,3,21,201,8.49
casual,electric_bike,5,3,10,91,11.1
member,classic_bike,6,3,6,245,9.73
casual,classic_bike,6,3,9,153,31.73
member,classic_bike,6,3,11,496,13.06
casual,electric_bike,3,3,18,324,11.78
casual,classic_bike,3,3,23,32,23.47
casual,classic_bike,4,3,18,170,14.55
casual,electric_bike,6,3,14,500,19.13
casual,classic_bike,7,3,9,385,25.02
casual,electric_bike,7,3,15,542,17.53
member,electric_bike,1,3,3,57,8.77
casual,electric_bike,1,3,11,258,13.59
member,classic_bike,3,4,14,741,13.57
casual,electric_bike,3,4,23,75,8.47
casual,electric_bike,4,4,6,113,6.26
casual,classic_bike,4,4,23,84,20.73
member,electric_bike,5,4,6,585,7.86
member,electric_bike,5,4,20,376,8.59
member,electric_bike,6,4,6,438,8.49
member,electric_bike,6,4,7,728,8.74
casual,electric_bike,1,4,0,165,15.45
member,electric_bike,1,4,21,205,9.4
casual,electric_bike,2,4,18,423,14.39
casual,classic_bike,3,4,18,625,21.63
casual,electric_bike,4,4,11,184,12.79
member,electric_bike,6,4,5,137,6.15
casual,classic_bike,6,4,15,400,25.13
member,classic_bike,6,4,22,199,11.88
casual,classic_bike,7,4,10,427,31.32
member,electric_bike,7,4,20,295,9.18
casual,electric_bike,1,4,19,249,14.02
member,electric_bike,2,4,3,21,16.76
casual,electric_bike,2,4,7,196,8.37
casual,electric_bike,2,4,8,274,8.65
member,electric_bike,2,4,16,1398,10.47
casual,classic_bike,2,4,17,626,26.27
member,classic_bike,2,4,21,353,10.47
member,classic_bike,3,4,15,1127,12.43
casual,classic_bike,4,4,12,232,23.77
casual,classic_bike,3,4,7,180,15.34
casual,electric_bike,4,4,8,340,7.94
casual,classic_bike,4,4,19,309,18.97
casual,classic_bike,5,4,16,340,21.0
member,electric_bike,6,4,18,828,10.93
casual,electric_bike,7,4,21,202,12.32
casual,classic_bike,1,4,18,568,27.1
casual,electric_bike,2,4,5,40,7.97
casual,electric_bike,2,4,6,123,6.77
casual,electric_bike,2,4,11,168,14.99
member,electric_bike,3,4,4,40,5.65
casual,classic_bike,3,4,11,286,36.69
casual,electric_bike,4,4,20,192,10.26
member,classic_bike,5,5,16,2235,12.72
casual,electric_bike,5,5,23,238,12.11
member,classic_bike,7,5,10,1269,13.93
casual,electric_bike,7,5,17,877,17.76
casual,electric_bike,7,5,19,551,15.63
casual,electric_bike,1,5,1,127,11.54
member,classic_bike,1,5,11,892,13.28
casual,electric_bike,1,5,13,691,21.04
member,electric_bike,1,5,19,424,11.29
member,electric_bike,2,5,6,487,8.93
member,classic_bike,2,5,17,1877,13.07
casual,electric_bike,2,5,21,217,11.18
member,classic_bike,3,5,7,1229,11.98
member,classic_bike,3,5,8,1554,12.4
member,electric_bike,3,5,12,463,9.38
casual,electric_bike,3,5,16,596,13.57
member,classic_bike,3,5,20,727,12.13
member,electric_bike,4,5,7,1207,8.92
casual,electric_bike,4,5,9,142,9.3
casual,classic_bike,4,5,10,163,26.46
casual,classic_bike,5,5,18,1012,25.65
casual,classic_bike,6,5,7,204,27.49
member,electric_bike,6,5,9,706,8.58
member,classic_bike,6,5,10,830,11.64
member,classic_bike,6,5,15,1595,12.85
casual,classic_bike,6,5,20,393,23.45
casual,electric_bike,6,5,22,297,11.78
casual,classic_bike,7,5,20,490,28.68
member,classic_bike,1,5,5,57,17.86
casual,electric_bike,1,5,10,443,17.55
member,electric_bike,2,5,5,130,8.32
casual,electric_bike,3,5,1,29,14.86
casual,electric_bike,3,5,10,171,15.12
member,electric_bike,4,5,6,663,9.67
member,classic_bike,4,5,23,128,10.82
casual,electric_bike,5,5,19,449,12.54
casual,classic_bike,6,5,8,302,24.1
casual,electric_bike,6,5,12,772,18.43
casual,electric_bike,7,5,12,1038,19.2
casual,classic_bike,1,5,9,380,32.25
casual,electric_bike,1,5,14,718,18.83
member,classic_bike,1,5,20,386,15.13
casual,electric_bike,3,5,14,394,17.51
member,electric_bike,4,5,5,174,8.02
member,electric_bike,4,5,11,424,9.88
casual,classic_bike,4,5,15,371,29.13
member,classic_bike,2,5,0,59,10.58
casual,electric_bike,2,5,9,217,13.16
member,electric_bike,3,5,22,301,9.69
member,classic_bike,4,5,22,227,17.54
casual,electric_bike,5,5,17,1132,13.11
member,classic_bike,1,6,8,728,15.69
casual,electric_bike,1,6,13,1223,19.33
casual,electric_bike,1,6,14,1313,20.81
member,electric_bike,1,6,19,771,11.51
casual,electric_bike,3,6,16,990,14.29
member,electric_bike,3,6,19,909,11.19
member,electric_bike,4,6,5,158,7.25
member,classic_bike,4,6,19,1155,14.1
member,electric_bike,4,6,20,459,11.66
casual,classic_bike,5,6,6,151,33.73
casual,classic_bike,5,6,7,321,19.54
member,electric_bike,5,6,9,715,10.35
member,classic_bike,5,6,10,831,13.03
casual,electric_bike,5,6,12,624,17.12
casual,classic_bike,6,6,11,649,38.44
casual,electric_bike,6,6,12,692,20.2
casual,electric_bike,7,6,0,463,13.49
member,electric_bike,1,6,22,370,11.69
casual,classic_bike,2,6,10,570,38.95
member,classic_bike,2,6,12,1055,11.47
casual,classic_bike,2,6,14,829,31.62
casual,classic_bike,3,6,2,25,12.16
member,classic_bike,3,6,5,297,15.52
member,classic_bike,3,6,20,1032,13.66
member,electric_bike,3,6,23,149,12.54
casual,classic_bike,5,6,8,446,21.32
casual,electric_bike,5,6,17,1255,14.0
member,classic_bike,6,6,1,61,12.38
casual,classic_bike,6,6,6,157,34.08
casual,classic_bike,6,6,7,323,23.99
casual,classic_bike,7,6,8,514,34.47
casual,electric_bike,7,6,19,880,18.57
casual,electric_bike,1,6,16,1239,19.77
member,electric_bike,3,6,12,580,10.66
member,electric_bike,5,6,4,29,8.48
casual,classic_bike,7,6,20,1010,32.63
member,classic_bike,1,6,7,384,13.77
member,electric_bike,3,6,0,98,9.62
casual,classic_bike,3,6,9,378,35.76
member,electric_bike,4,6,7,1142,9.17
member,classic_bike,4,6,23,176,23.73
casual,electric_bike,5,6,22,411,15.1
member,classic_bike,6,6,10,675,12.22
member,electric_bike,7,6,21,482,11.99
member,electric_bike,1,6,0,301,10.15
member,electric_bike,1,6,17,952,12.32
casual,electric_bike,3,7,16,1435,13.97
member,electric_bike,4,7,5,317,9.21
casual,classic_bike,4,7,15,760,27.91
casual,electric_bike,4,7,21,610,15.27
casual,electric_bike,5,7,0,167,13.91
member,classic_bike,5,7,13,1212,11.89
casual,electric_bike,5,7,19,774,14.31
casual,classic_bike,6,7,7,247,30.47
casual,electric_bike,7,7,0,474,15.53
casual,classic_bike,7,7,18,1478,32.75
casual,electric_bike,7,7,23,522,17.56
member,classic_bike,1,7,11,1220,17.43
member,electric_bike,2,7,5,240,7.62
casual,electric_bike,3,7,13,720,16.62
casual,classic_bike,5,7,7,343,21.74
casual,classic_bike,6,7,18,1482,29.0
casual,classic_bike,7,7,5,62,31.21
casual,classic_bike,1,7,2,217,31.07
member,classic_bike,1,7,8,549,15.73
member,electric_bike,1,7,19,693,13.41
member,classic_bike,1,7,20,798,17.89
member,classic_bike,2,7,0,78,13.18
casual,electric_bike,3,7,1,102,19.86
member,electric_bike,3,7,12,844,10.84
member,electric_bike,3,7,23,239,11.95
casual,classic_bike,5,7,8,503,21.76
member,classic_bike,5,7,10,945,12.64
casual,classic_bike,6,7,8,343,29.26
member,electric_bike,1,7,0,310,10.92
casual,electric_bike,1,7,1,354,15.14
member,classic_bike,1,7,7,364,15.35
casual,classic_bike,2,7,1,68,23.12
member,electric_bike,3,7,0,114,14.6
casual,classic_bike,3,7,21,678,19.33
member,electric_bike,5,7,2,35,10.34
casual,classic_bike,6,7,11,704,39.07
casual,electric_bike,7,7,22,747,16.19
member,classic_bike,1,7,6,165,16.97
casual,electric_bike,1,7,10,683,20.82
casual,electric_bike,3,7,14,761,16.71
casual,classic_bike,5,7,6,155,24.19
casual,electric_bike,5,7,23,304,14.75
member,electric_bike,7,8,9,943,11.93
member,classic_bike,7,8,16,1837,15.06
casual,electric_bike,7,8,17,1460,19.54
casual,classic_bike,7,8,20,944,26.96
casual,electric_bike,7,8,23,587,14.48
casual,electric_bike,1,8,3,124,11.19
member,electric_bike,1,8,19,893,12.6
member,electric_bike,2,8,7,1385,9.57
member,electric_bike,2,8,11,531,12.46
member,classic_bike,2,8,17,2676,14.14
casual,electric_bike,3,8,1,51,11.16
casual,electric_bike,3,8,10,305,21.63
member,classic_bike,3,8,11,973,11.33
casual,electric_bike,3,8,16,853,14.49
member,electric_bike,3,8,23,146,10.56
casual,electric_bike,4,8,9,316,13.34
member,classic_bike,4,8,12,1094,11.63
casual,classic_bike,5,8,8,401,21.18
member,classic_bike,5,8,13,936,11.46
casual,electric_bike,5,8,17,1344,14.68
casual,classic_bike,5,8,20,629,23.55
casual,classic_bike,2,8,15,688,33.82
member,electric_bike,2,8,18,1305,11.78
member,classic_bike,3,8,5,252,12.88
member,electric_bike,4,8,5,215,8.39
casual,electric_bike,5,8,19,727,14.2
casual,classic_bike,6,8,18,1659,24.26
casual,classic_bike,7,8,7,277,40.43
casual,electric_bike,7,8,12,1651,20.27
casual,electric_bike,3,8,15,595,13.54
member,electric_bike,3,8,17,2089,11.95
member,electric_bike,4,8,11,594,12.52
casual,electric_bike,4,8,21,550,14.29
casual,classic_bike,6,8,5,105,26.99
member,classic_bike,6,8,15,1780,13.63
casual,electric_bike,6,8,19,1107,14.98
casual,electric_bike,7,8,0,606,14.62
member,classic_bike,7,8,1,232,14.1
member,electric_bike,1,8,0,307,10.68
member,electric_bike,2,8,5,214,8.18
member,classic_bike,2,8,23,93,13.63
member,electric_bike,3,8,22,366,10.79
casual,classic_bike,4,8,13,561,34.83
casual,electric_bike,6,8,22,682,16.38
member,electric_bike,2,9,10,677,10.47
member,electric_bike,2,9,14,1113,12.54
member,classic_bike,3,9,10,894,11.22
member,classic_bike,3,9,14,1201,12.94
member,electric_bike,3,9,21,730,11.04
casual,electric_bike,4,9,11,380,15.0
member,electric_bike,4,9,15,1287,11.13
casual,electric_bike,4,9,18,843,13.98
casual,electric_bike,4,9,20,408,11.7
member,electric_bike,5,9,7,1717,9.57
casual,classic_bike,5,9,15,617,26.81
member,classic_bike,5,9,19,1388,13.46
member,electric_bike,6,9,8,1472,9.34
member,classic_bike,6,9,17,2180,14.69
casual,electric_bike,6,9,21,491,14.27
member,electric_bike,7,9,8,419,9.95
casual,electric_bike,7,9,9,564,17.6
member,classic_bike,7,9,17,1352,15.65
member,electric_bike,7,9,18,950,13.71
member,classic_bike,7,9,23,331,14.54
member,electric_bike,1,9,21,384,10.07
casual,electric_bike,2,9,6,246,8.25
member,electric_bike,2,9,15,1457,11.43
member,classic_bike,2,9,21,708,11.91
member,electric_bike,4,9,13,770,10.23
casual,classic_bike,4,9,17,710,23.87
member,classic_bike,6,9,0,134,19.1
member,electric_bike,6,9,18,1520,11.89
casual,classic_bike,7,9,1,196,15.26
member,electric_bike,7,9,11,1025,13.58
member,classic_bike,1,9,10,1204,13.69
member,classic_bike,1,9,15,1429,15.36
casual,electric_bike,1,9,19,607,15.54
casual,electric_bike,2,9,7,445,10.85
casual,electric_bike,2,9,20,456,12.85
casual,electric_bike,3,9,22,375,12.97
casual,electric_bike,4,9,6,264,8.69
casual,electric_bike,6,9,2,68,8.18
casual,classic_bike,2,9,17,1356,26.77
member,electric_bike,3,9,2,24,9.04
casual,classic_bike,3,9,18,1123,29.13
casual,electric_bike,5,9,9,363,13.18
casual,classic_bike,5,9,16,703,23.48
casual,electric_bike,7,9,4,49,13.14
member,electric_bike,7,9,6,199,11.21
member,electric_bike,7,9,7,252,11.01
casual,classic_bike,7,9,10,917,33.86
casual,electric_bike,7,9,21,571,18.68
casual,electric_bike,2,9,11,740,20.03
casual,classic_bike,2,9,22,306,22.85
member,electric_bike,3,9,4,52,7.46
casual,classic_bike,3,9,7,342,14.6
casual,electric_bike,3,9,19,747,11.92
casual,electric_bike,4,10,17,1373,11.71
member,classic_bike,5,10,18,2336,13.58
member,classic_bike,5,10,20,1019,11.89
casual,electric_bike,6,10,1,122,10.16
member,classic_bike,6,10,6,604,12.79
casual,electric_bike,6,10,13,1018,17.21
casual,electric_bike,6,10,14,952,15.38
member,classic_bike,6,10,18,1810,15.83
casual,electric_bike,7,10,1,272,11.95
member,electric_bike,7,10,12,1012,11.61
casual,electric_bike,7,10,15,1198,18.8
member,electric_bike,1,10,10,645,11.96
member,electric_bike,1,10,15,1043,11.95
casual,electric_bike,1,10,18,628,13.74
casual,classic_bike,2,10,11,444,34.64
casual,electric_bike,2,10,12,514,19.68
casual,electric_bike,2,10,17,851,11.85
casual,electric_bike,3,10,7,376,8.22
casual,classic_bike,3,10,19,245,18.91
member,electric_bike,4,10,21,658,10.16
casual,electric_bike,5,10,14,771,15.29
casual,electric_bike,5,10,15,957,13.95
casual,classic_bike,5,10,21,293,22.94
casual,classic_bike,6,10,9,374,31.48
member,electric_bike,7,10,0,308,10.73
casual,classic_bike,7,10,21,263,19.35
member,electric_bike,7,10,23,297,11.76
casual,electric_bike,2,10,19,341,9.97
casual,classic_bike,3,10,12,347,29.47
member,electric_bike,4,10,4,46,6.7
casual,electric_bike,6,10,16,1267,13.92
casual,electric_bike,7,10,13,1167,19.34
casual,classic_bike,1,10,19,321,17.63
casual,classic_bike,1,10,23,58,25.6
member,electric_bike,2,10,9,717,8.71
casual,classic_bike,3,10,0,39,15.59
member,electric_bike,3,10,1,25,9.08
casual,electric_bike,3,10,11,256,13.93
casual,electric_bike,5,10,13,563,15.96
member,electric_bike,6,10,0,174,10.54
casual,electric_bike,7,10,14,1246,17.81
casual,electric_bike,1,10,5,111,12.48
casual,classic_bike,1,10,17,869,27.92
casual,electric_bike,2,10,22,223,10.08
casual,electric_bike,2,10,23,98,9.03
member,electric_bike,3,10,15,1111,10.37
casual,electric_bike,4,10,22,307,10.2
casual,electric_bike,7,11,17,544,14.39
casual,electric_bike,7,11,22,161,9.95
casual,electric_bike,1,11,1,171,12.03
casual,electric_bike,1,11,10,400,16.24
member,electric_bike,1,11,12,620,10.88
member,electric_bike,1,11,22,169,7.97
casual,electric_bike,2,11,4,17,7.65
member,classic_bike,2,11,19,694,11.87
casual,electric_bike,3,11,14,267,10.82
casual,electric_bike,3,11,16,510,10.03
member,classic_bike,4,11,0,57,17.81
casual,electric_bike,4,11,21,151,8.7
member,classic_bike,4,11,22,274,17.19
casual,electric_bike,5,11,19,216,8.48
casual,classic_bike,6,11,11,246,23.22
member,classic_bike,6,11,16,1151,15.4
casual,electric_bike,6,11,17,541,11.59
casual,classic_bike,6,11,18,316,21.25
member,electric_bike,1,11,19,396,8.82
member,classic_bike,1,11,20,270,10.19
member,electric_bike,1,11,23,110,11.39
member,electric_bike,3,11,17,1631,10.25
member,electric_bike,4,11,8,1353,8.8
member,electric_bike,5,11,21,329,8.67
member,classic_bike,6,11,14,813,11.67
casual,electric_bike,7,11,12,597,15.33
member,electric_bike,5,11,4,35,7.31
casual,electric_bike,5,11,12,241,12.37
casual,electric_bike,6,11,0,82,8.32
casual,electric_bike,6,11,12,342,14.89
member,classic_bike,7,11,1,181,18.45
casual,classic_bike,7,11,18,392,29.44
member,classic_bike,1,11,8,314,12.86
member,classic_bike,2,11,0,32,11.91
member,electric_bike,2,11,6,454,7.49
casual,electric_bike,2,11,9,143,12.01
casual,classic_bike,2,11,16,222,17.39
casual,classic_bike,3,11,9,103,23.08
member,classic_bike,5,11,14,573,16.14
casual,electric_bike,5,11,22,142,8.39
member,classic_bike,2,12,7,428,16.98
member,classic_bike,2,12,11,274,8.84
member,classic_bike,4,12,7,544,12.97
member,electric_bike,4,12,12,406,8.83
casual,electric_bike,5,12,6,28,8.82
member,electric_bike,5,12,14,246,7.99
member,classic_bike,6,12,2,18,34.89
casual,electric_bike,6,12,7,76,6.42
casual,electric_bike,7,12,7,35,9.03
member,electric_bike,7,12,13,276,11.02
member,electric_bike,7,12,15,331,10.29
member,electric_bike,7,12,16,325,10.59
member,classic_bike,2,12,18,463,12.33
member,classic_bike,2,12,20,217,14.41
member,electric_bike,3,12,5,125,6.0
member,electric_bike,3,12,6,370,7.11
member,classic_bike,3,12,12,355,11.34
member,classic_bike,3,12,19,391,14.79
member,classic_bike,4,12,5,95,15.53
member,electric_bike,4,12,19,336,10.11
member,classic_bike,4,12,20,253,11.82
member,electric_bike,5,12,13,194,8.18
casual,electric_bike,5,12,18,90,8.69
casual,electric_bike,5,12,20,60,7.7
member,classic_bike,5,12,21,123,20.41
member,classic_bike,6,12,4,11,69.09
casual,electric_bike,6,12,6,48,5.56
casual,electric_bike,6,12,18,108,8.91
member,electric_bike,1,12,8,60,7.2
member,classic_bike,1,12,17,176,27.83
member,electric_bike,4,12,17,813,9.71
casual,electric_bike,5,12,7,80,6.8
member,classic_bike,5,12,9,289,9.4
casual,electric_bike,5,12,11,68,9.5
casual,electric_bike,6,12,8,56,7.64
member,classic_bike,6,12,9,234,11.84
member,electric_bike,6,12,14,320,8.56
member,electric_bike,6,12,15,467,10.38
member,electric_bike,7,12,1,64,10.83
casual,electric_bike,7,12,11,125,15.59
member,electric_bike,1,12,20,80,7.59
casual,electric_bike,3,12,9,82,6.93
member,electric_bike,3,12,11,314,9.78
member,electric_bike,3,12,20,189,8.84
casual,classic_bike,4,12,2,10,45.7
member,electric_bike,5,12,15,352,8.98
member,classic_bike,7,12,9,218,13.16
member,classic_bike,1,12,0,65,9.82
member,electric_bike,4,12,23,76,10.75
member,classic_bike,4,1,3,18,12.11
casual,electric_bike,4,1,12,84,9.51
member,classic_bike,5,1,6,283,13.32
casual,electric_bike,5,1,10,88,8.2
casual,electric_bike,5,1,15,175,8.21
casual,electric_bike,6,1,15,152,9.14
member,classic_bike,7,1,5,15,16.67
member,electric_bike,1,1,1,39,6.05
casual,electric_bike,1,1,5,6,5.67
casual,electric_bike,1,1,8,32,8.75
casual,electric_bike,1,1,18,50,7.74
casual,electric_bike,3,1,11,51,10.04
casual,classic_bike,4,1,8,67,7.7
member,electric_bike,4,1,9,313,7.67
member,electric_bike,5,1,22,133,7.91
casual,electric_bike,7,1,15,128,9.93
member,electric_bike,2,1,4,14,8.0
casual,electric_bike,3,1,18,79,6.67
member,electric_bike,4,1,21,186,7.47
member,classic_bike,6,1,11,272,10.57
casual,electric_bike,6,1,16,162,8.67
member,electric_bike,7,1,0,75,6.61
casual,classic_bike,7,1,9,41,14.8
casual,electric_bike,7,1,16,136,10.43
member,electric_bike,7,1,22,121,7.19
casual,classic_bike,4,1,6,21,9.9
casual,electric_bike,7,1,14,107,11.1
member,electric_bike,7,1,23,69,8.28
casual,electric_bike,3,1,5,10,5.3
casual,classic_bike,4,1,7,60,9.8
member,electric_bike,2,2,15,489,10.08
casual,classic_bike,3,2,8,86,8.91
member,electric_bike,3,2,9,320,7.29
member,electric_bike,4,2,1,11,5.09
casual,electric_bike,4,2,8,134,7.66
casual,classic_bike,4,2,17,93,11.68
casual,electric_bike,5,2,21,60,8.62
casual,classic_bike,6,2,15,116,21.82
casual,electric_bike,1,2,17,135,10.93
casual,electric_bike,3,2,12,88,11.84
casual,electric_bike,6,2,9,92,8.72
member,electric_bike,7,2,6,85,6.89
member,classic_bike,7,2,19,196,11.07
casual,electric_bike,7,2,2,33,7.15
casual,electric_bike,7,2,9,63,10.71
casual,classic_bike,1,2,8,38,21.82
casual,classic_bike,2,2,12,57,40.42
member,classic_bike,2,2,21,176,9.45
casual,classic_bike,3,2,18,67,14.67
member,classic_bike,4,2,4,12,8.58
casual,electric_bike,5,2,9,92,6.74
casual,electric_bike,6,2,2,15,6.73
casual,classic_bike,2,3,8,131,10.87
casual,electric_bike,4,3,12,128,10.47
member,classic_bike,4,3,15,505,10.33
casual,electric_bike,7,3,14,572,17.48
member,classic_bike,2,3,1,14,11.36
casual,classic_bike,4,3,7,67,11.39
casual,electric_bike,4,3,22,72,9.51
casual,electric_bike,5,3,16,336,11.76
member,electric_bike,6,3,23,214,11.0
casual,electric_bike,3,3,6,93,6.37
casual,classic_bike,4,3,8,137,11.86
casual,electric_bike,6,3,16,695,15.42
member,electric_bike,7,3,0,149,8.8
casual,electric_bike,3,3,7,181,7.53
casual,electric_bike,3,3,20,106,8.96
casual,classic_bike,4,3,20,76,13.01
casual,electric_bike,2,3,0,33,7.64
casual,classic_bike,3,4,8,261,20.39
member,electric_bike,6,4,11,535,10.0
member,classic_bike,7,4,23,185,10.09
casual,electric_bike,1,4,17,375,17.29
casual,electric_bike,2,4,20,198,14.32
casual,electric_bike,3,4,12,253,12.16
casual,classic_bike,4,4,22,135,18.98
casual,classic_bike,6,4,14,433,28.45
member,electric_bike,6,4,20,357,9.22
casual,classic_bike,7,4,14,756,27.68
casual,electric_bike,1,4,12,445,17.87
casual,electric_bike,3,4,19,304,11.47
casual,electric_bike,3,4,22,166,13.3
casual,classic_bike,5,4,13,280,26.77
casual,electric_bike,6,4,9,204,12.18
casual,classic_bike,7,4,13,790,34.04
member,classic_bike,7,4,0,120,17.61
casual,classic_bike,7,4,1,50,37.36
member,classic_bike,7,4,22,199,10.77
casual,classic_bike,2,4,0,34,55.06
casual,electric_bike,3,4,0,67,11.78
member,classic_bike,3,4,1,18,10.22
casual,electric_bike,5,5,0,83,12.84
member,classic_bike,6,5,3,18,8.94
member,electric_bike,7,5,4,27,13.63
casual,classic_bike,5,5,7,196,17.7
casual,classic_bike,6,5,6,101,20.35
casual,electric_bike,7,5,0,320,12.68
member,electric_bike,7,5,2,78,9.15
member,electric_bike,1,5,22,234,9.87
casual,electric_bike,3,5,15,440,14.28
casual,classic_bike,4,5,16,527,23.9
casual,electric_bike,5,5,12,383,13.41
casual,electric_bike,6,5,0,142,10.91
casual,electric_bike,6,5,19,593,13.4
member,classic_bike,7,5,1,154,9.86
casual,classic_bike,7,5,7,217,26.99
casual,classic_bike,3,5,9,266,28.76
member,classic_bike,4,5,0,54,12.0
casual,electric_bike,6,5,17,1095,15.61
casual,electric_bike,6,5,23,328,13.23
casual,classic_bike,2,5,13,606,31.93
member,classic_bike,7,6,3,62,19.56
member,classic_bike,2,6,23,202,11.47
member,classic_bike,4,6,0,62,10.58
casual,classic_bike,4,6,13,467,32.4
casual,classic_bike,4,6,14,393,28.15
member,classic_bike,5,6,1,37,14.62
member,electric_bike,5,6,2,20,12.7
member,classic_bike,7,6,1,179,11.43
member,electric_bike,7,6,2,107,11.96
casual,electric_bike,1,6,1,305,15.09
casual,electric_bike,2,6,2,72,19.57
casual,classic_bike,5,6,11,741,33.02
member,electric_bike,6,6,4,37,8.97
casual,classic_bike,6,6,8,434,26.07
casual,electric_bike,6,6,23,460,14.49
casual,electric_bike,7,6,22,552,17.47
casual,classic_bike,3,6,4,21,8.62
casual,electric_bike,3,6,13,439,17.34
casual,electric_bike,4,6,21,319,14.4
casual,classic_bike,1,6,4,96,40.93
member,classic_bike,3,7,5,394,18.48
member,electric_bike,4,7,20,977,11.61
casual,classic_bike,5,7,11,754,35.24
member,classic_bike,6,7,10,673,14.08
casual,electric_bike,6,7,17,1460,16.65
casual,classic_bike,6,7,20,928,26.4
casual,electric_bike,6,7,23,517,15.91
casual,classic_bike,7,7,6,107,42.29
casual,classic_bike,7,7,11,1333,31.27
casual,classic_bike,4,7,13,628,31.43
casual,classic_bike,7,7,7,258,37.41
member,classic_bike,2,7,23,175,14.77
casual,classic_bike,3,7,9,537,32.71
casual,classic_bike,5,7,20,792,26.38
member,electric_bike,1,7,23,199,13.08
casual,classic_bike,4,7,10,565,30.13
casual,electric_bike,5,7,22,626,15.95
casual,classic_bike,6,8,8,501,24.7
member,electric_bike,7,8,4,49,11.29
casual,electric_bike,1,8,1,381,16.56
casual,classic_bike,2,8,3,20,26.85
casual,electric_bike,2,8,9,306,17.46
casual,electric_bike,3,8,14,486,16.28
casual,electric_bike,7,8,22,805,16.06
casual,classic_bike,1,8,2,233,31.3
member,electric_bike,1,8,23,291,10.69
member,classic_bike,2,8,0,69,11.81
member,electric_bike,3,8,0,50,9.66
casual,electric_bike,3,8,13,508,17.79
casual,classic_bike,3,8,21,421,20.79
member,electric_bike,4,8,20,874,12.03
casual,electric_bike,5,8,22,354,14.89
casual,classic_bike,6,8,20,857,25.48
casual,classic_bike,5,8,11,600,36.83
member,electric_bike,5,8,21,589,12.03
casual,electric_bike,6,8,0,301,13.86
casual,electric_bike,4,9,5,73,7.36
casual,electric_bike,5,9,21,414,12.52
member,electric_bike,6,9,5,153,8.3
casual,electric_bike,6,9,9,454,13.7
casual,classic_bike,6,9,14,758,31.81
casual,classic_bike,1,9,6,105,61.66
casual,electric_bike,2,9,8,561,11.42
member,electric_bike,4,9,1,34,11.91
member,electric_bike,4,9,3,21,12.86
member,classic_bike,5,9,23,242,11.69
member,electric_bike,7,9,5,63,8.95
member,electric_bike,2,9,1,72,10.42
member,classic_bike,7,9,0,252,12.12
casual,electric_bike,1,9,23,168,15.89
casual,classic_bike,4,10,8,335,13.68
casual,electric_bike,1,10,11,764,18.63
casual,classic_bike,2,10,18,453,18.57
casual,classic_bike,3,10,17,572,17.42
casual,electric_bike,5,10,10,347,14.2
casual,electric_bike,1,10,6,159,12.05
member,classic_bike,1,10,21,359,14.7
casual,electric_bike,3,10,5,53,6.85
casual,electric_bike,3,10,6,192,7.32
casual,electric_bike,4,10,19,632,10.67
casual,classic_bike,4,10,20,301,15.19
casual,classic_bike,5,10,9,349,22.73
casual,classic_bike,7,10,2,115,28.46
member,electric_bike,2,10,4,40,8.8
casual,classic_bike,2,10,8,292,22.47
member,electric_bike,1,11,0,175,10.24
casual,electric_bike,1,11,3,48,9.65
member,classic_bike,2,11,22,189,16.88
casual,electric_bike,4,11,9,163,7.66
member,classic_bike,4,11,23,149,19.67
member,electric_bike,5,11,9,546,8.83
casual,classic_bike,5,11,11,136,19.25
casual,classic_bike,5,11,18,215,12.36
casual,classic_bike,6,11,20,172,18.7
casual,electric_bike,6,11,23,209,9.67
casual,electric_bike,7,11,0,333,10.07
casual,electric_bike,5,11,17,540,10.12
casual,electric_bike,5,11,23,103,8.55
casual,classic_bike,6,11,8,127,21.02
casual,electric_bike,6,11,19,337,10.86
casual,classic_bike,7,11,8,177,21.01
casual,classic_bike,2,11,3,10,120.1
casual,classic_bike,2,11,14,171,25.77
casual,electric_bike,3,11,13,240,12.24
casual,classic_bike,3,11,21,101,10.89
member,classic_bike,5,11,3,9,17.67
member,electric_bike,7,11,21,247,9.64
member,electric_bike,4,11,5,169,6.29
member,classic_bike,5,11,1,30,12.83
member,electric_bike,5,11,2,22,13.23
member,electric_bike,5,12,1,14,7.0
member,electric_bike,6,12,13,317,8.5
casual,electric_bike,7,12,8,44,12.45
member,classic_bike,2,12,5,86,10.38
member,classic_bike,3,12,22,117,22.47
member,classic_bike,5,12,2,2,3.0
member,electric_bike,5,12,10,204,7.31
casual,electric_bike,6,12,5,17,6.47
casual,electric_bike,6,12,11,86,7.34
member,electric_bike,7,12,3,25,9.32
casual,electric_bike,7,12,20,62,10.08
member,classic_bike,1,12,23,36,38.17
casual,electric_bike,4,12,15,165,11.58
casual,electric_bike,4,12,16,190,9.13
casual,electric_bike,5,12,8,110,7.5
member,electric_bike,6,12,1,25,9.72
member,electric_bike,7,12,10,234,9.8
casual,classic_bike,7,12,17,99,55.54
casual,classic_bike,7,12,22,59,16.37
member,electric_bike,1,12,11,137,8.41
member,classic_bike,1,12,19,113,18.71
member,electric_bike,5,12,16,614,9.55
casual,classic_bike,6,12,12,70,26.03
casual,electric_bike,7,12,5,13,4.23
casual,electric_bike,1,12,2,25,6.4
casual,classic_bike,6,1,21,46,12.65
casual,electric_bike,2,1,12,53,8.32
casual,electric_bike,4,1,22,30,7.77
member,classic_bike,7,1,7,88,14.07
casual,classic_bike,4,1,18,82,10.15
member,classic_bike,7,1,6,46,10.3
casual,electric_bike,1,1,11,76,6.89
casual,classic_bike,2,1,8,42,14.19
casual,classic_bike,2,1,11,34,14.26
member,electric_bike,7,2,18,220,7.97
member,classic_bike,7,2,22,104,8.96
casual,classic_bike,6,2,16,132,17.39
casual,electric_bike,1,2,0,47,11.23
member,electric_bike,1,2,21,123,8.97
casual,electric_bike,4,2,7,101,6.28
member,classic_bike,7,2,23,91,10.23
casual,electric_bike,2,2,7,100,5.29
casual,electric_bike,2,2,11,74,8.61
casual,classic_bike,2,3,7,103,11.94
casual,electric_bike,6,3,13,403,18.01
casual,electric_bike,7,3,10,318,14.69
member,electric_bike,3,3,3,12,11.0
casual,electric_bike,3,3,8,250,8.97
member,electric_bike,5,3,23,132,10.35
casual,electric_bike,6,3,1,32,8.0
casual,electric_bike,2,3,22,117,11.62
member,classic_bike,3,3,4,24,12.04
casual,electric_bike,5,3,14,179,13.53
member,classic_bike,6,3,5,83,10.63
casual,electric_bike,4,3,23,43,6.47
casual,classic_bike,5,3,9,103,16.96
member,classic_bike,5,3,11,416,9.66
member,classic_bike,7,3,6,89,9.72
casual,classic_bike,1,3,0,73,30.44
casual,classic_bike,1,3,17,311,23.48
member,classic_bike,5,4,0,59,11.81
casual,electric_bike,5,4,9,206,9.87
member,classic_bike,5,4,23,142,10.24
member,electric_bike,2,4,1,28,10.5
casual,electric_bike,4,4,5,49,5.94
casual,classic_bike,5,4,15,331,29.8
casual,electric_bike,6,4,21,169,10.0
member,classic_bike,2,4,4,26,11.19
member,electric_bike,4,4,1,28,8.82
casual,electric_bike,4,4,18,346,11.5
member,electric_bike,5,4,5,152,9.76
casual,classic_bike,6,4,10,280,32.0
casual,classic_bike,3,4,20,252,18.31
casual,classic_bike,5,4,10,214,36.94
casual,electric_bike,6,4,2,23,10.57
casual,electric_bike,1,4,23,78,12.45
casual,classic_bike,2,4,19,404,28.33
casual,electric_bike,4,5,21,210,12.81
member,electric_bike,1,5,0,191,9.95
member,classic_bike,2,5,23,120,12.7
member,electric_bike,3,5,0,50,13.16
casual,classic_bike,3,5,21,248,25.26
casual,classic_bike,4,5,13,320,25.94
casual,classic_bike,5,5,11,393,27.45
casual,classic_bike,5,5,20,337,24.6
member,classic_bike,6,5,1,88,29.18
casual,classic_bike,4,5,14,286,26.36
member,electric_bike,5,5,4,41,6.95
casual,classic_bike,5,5,5,35,17.43
casual,classic_bike,6,5,5,49,26.41
casual,classic_bike,7,5,6,81,43.54
casual,electric_bike,2,6,9,318,14.37
casual,electric_bike,1,6,3,106,12.34
casual,classic_bike,1,6,9,830,32.67
casual,electric_bike,4,6,9,226,14.04
casual,classic_bike,6,6,20,793,27.29
casual,electric_bike,6,6,22,495,15.64
member,electric_bike,7,6,4,37,9.89
casual,classic_bike,4,6,10,370,36.9
casual,classic_bike,4,6,15,423,28.15
casual,electric_bike,6,6,0,205,15.12
casual,classic_bike,7,6,6,129,31.75
casual,classic_bike,1,6,2,252,19.16
member,classic_bike,2,6,0,89,13.24
casual,classic_bike,7,7,8,483,36.04
member,classic_bike,2,7,22,361,13.11
casual,classic_bike,5,7,5,72,27.21
member,classic_bike,6,7,3,31,12.97
casual,classic_bike,1,7,4,63,28.87
casual,classic_bike,2,7,14,721,36.21
casual,electric_bike,2,7,2,60,14.1
casual,classic_bike,6,8,7,366,22.73
casual,electric_bike,2,8,21,291,15.92
casual,electric_bike,3,8,3,23,8.35
member,classic_bike,4,8,22,479,16.18
casual,classic_bike,6,8,6,200,22.04
casual,classic_bike,1,8,9,1007,38.37
casual,classic_bike,4,8,1,54,48.8
casual,electric_bike,5,8,12,636,18.67
casual,classic_bike,7,8,8,644,31.34
casual,classic_bike,2,8,14,722,34.1
casual,classic_bike,5,8,6,130,15.91
casual,classic_bike,4,9,19,516,18.92
casual,classic_bike,3,9,5,56,9.55
casual,electric_bike,2,9,5,91,7.81
casual,classic_bike,2,9,0,206,28.84
casual,classic_bike,1,9,7,202,55.95
casual,electric_bike,4,10,0,106,10.49
member,electric_bike,1,10,1,130,10.5
casual,electric_bike,1,10,8,324,17.59
member,electric_bike,2,10,2,23,10.26
casual,classic_bike,2,10,6,88,30.68
casual,electric_bike,2,10,0,101,10.34
casual,classic_bike,2,10,20,193,16.82
member,classic_bike,3,10,2,9,14.44
casual,classic_bike,4,10,7,237,15.36
casual,classic_bike,6,10,21,338,22.51
casual,electric_bike,7,10,3,102,12.34
casual,electric_bike,1,10,7,256,14.36
casual,electric_bike,7,11,23,202,10.07
casual,classic_bike,2,11,13,182,20.97
member,electric_bike,3,11,0,53,7.92
casual,electric_bike,3,11,10,123,12.26
casual,classic_bike,4,11,10,114,23.8
casual,classic_bike,4,11,13,139,34.63
casual,classic_bike,4,11,14,178,27.89
casual,classic_bike,5,11,7,99,11.97
casual,electric_bike,6,11,22,202,8.93
casual,electric_bike,3,11,1,18,9.28
casual,electric_bike,7,11,19,216,10.91
member,classic_bike,1,11,5,52,12.9
casual,electric_bike,2,11,21,145,11.46
member,electric_bike,7,11,4,44,9.7
member,electric_bike,3,11,23,102,9.27
casual,classic_bike,6,11,6,39,10.72
casual,classic_bike,4,12,21,38,28.16
casual,electric_bike,6,12,20,50,9.6
casual,electric_bike,2,12,16,143,8.34
member,electric_bike,2,12,22,86,10.48
casual,classic_bike,5,12,19,46,16.22
member,classic_bike,7,12,4,10,8.6
casual,electric_bike,7,12,18,118,10.27
casual,electric_bike,1,12,9,23,6.57
casual,classic_bike,3,12,14,105,20.74
casual,classic_bike,7,12,23,61,12.33
member,classic_bike,2,12,6,186,11.75
casual,electric_bike,2,12,14,105,11.58
casual,electric_bike,3,12,21,47,12.53
member,electric_bike,1,12,5,7,15.0
member,electric_bike,6,1,0,41,5.76
casual,electric_bike,2,1,19,51,6.57
casual,classic_bike,3,1,12,45,18.71
casual,classic_bike,5,1,9,58,21.57
casual,electric_bike,2,1,0,15,7.33
casual,electric_bike,3,1,20,30,7.63
casual,classic_bike,1,2,18,55,16.18
casual,classic_bike,2,2,17,100,17.04
casual,electric_bike,6,2,4,7,7.71
member,electric_bike,7,2,5,13,5.85
casual,classic_bike,2,2,19,49,11.61
casual,electric_bike,4,2,5,23,8.48
member,electric_bike,6,2,5,87,5.68
member,classic_bike,1,2,3,8,9.0
casual,classic_bike,7,2,10,86,13.16
casual,classic_bike,4,2,19,52,15.73
casual,classic_bike,5,2,10,38,15.84
casual,electric_bike,7,3,3,34,9.79
member,classic_bike,1,3,4,27,10.63
member,electric_bike,6,3,22,265,10.72
casual,classic_bike,7,3,21,167,19.28
casual,electric_bike,1,3,20,105,10.04
casual,classic_bike,3,3,12,155,27.95
casual,classic_bike,1,3,19,147,18.27
casual,classic_bike,3,3,19,193,23.56
casual,electric_bike,6,3,10,192,14.55
casual,classic_bike,2,3,18,431,24.58
casual,classic_bike,5,3,21,111,35.67
member,electric_bike,6,3,0,79,9.29
casual,classic_bike,2,3,11,161,20.83
casual,electric_bike,5,4,4,12,5.83
member,classic_bike,6,4,0,89,10.03
casual,electric_bike,7,4,9,211,13.53
casual,classic_bike,1,4,20,158,21.58
casual,electric_bike,6,4,4,19,7.95
casual,classic_bike,2,4,23,58,16.64
casual,classic_bike,2,5,14,636,31.15
member,electric_bike,6,5,2,53,9.89
member,electric_bike,6,5,4,46,9.35
member,classic_bike,7,5,3,36,10.61
casual,electric_bike,4,5,4,18,5.61
casual,classic_bike,5,5,8,293,15.04
casual,classic_bike,2,5,10,395,32.72
member,classic_bike,1,6,5,99,19.98
casual,electric_bike,2,6,21,479,16.38
member,electric_bike,3,6,22,324,10.7
casual,classic_bike,7,6,5,63,25.43
casual,classic_bike,7,6,7,246,28.97
casual,classic_bike,3,7,2,42,19.38
member,electric_bike,5,7,4,46,10.33
casual,electric_bike,6,7,0,229,12.69
casual,electric_bike,1,7,3,112,12.39
casual,classic_bike,2,7,10,502,42.59
casual,electric_bike,4,7,2,63,14.46
casual,classic_bike,3,7,4,23,17.04
casual,electric_bike,5,8,0,148,13.14
casual,electric_bike,5,8,23,311,18.54
casual,classic_bike,7,8,6,136,34.6
casual,classic_bike,7,8,5,63,54.33
member,electric_bike,5,8,4,38,7.39
member,classic_bike,1,8,5,91,21.76
casual,classic_bike,5,9,10,355,31.18
member,electric_bike,1,9,4,45,9.71
casual,classic_bike,2,9,23,388,26.02
casual,classic_bike,4,9,23,121,29.11
casual,classic_bike,3,9,6,132,21.08
casual,electric_bike,5,9,4,34,9.5
casual,electric_bike,1,10,20,316,11.6
casual,classic_bike,1,10,22,157,15.21
casual,classic_bike,7,10,9,652,34.61
casual,classic_bike,7,11,11,538,27.29
casual,classic_bike,2,11,1,10,13.8
member,electric_bike,7,11,2,135,9.44
casual,electric_bike,2,11,2,26,12.88
casual,classic_bike,7,11,6,40,48.2
casual,electric_bike,2,12,13,86,9.29
casual,electric_bike,4,12,13,123,10.93
casual,classic_bike,5,12,17,96,19.32
member,electric_bike,1,12,6,43,8.74
member,classic_bike,1,12,22,54,51.07
casual,classic_bike,2,12,9,29,9.59
casual,electric_bike,4,12,10,63,8.67
casual,classic_bike,6,12,22,30,15.2
casual,classic_bike,1,12,3,13,40.38
casual,electric_bike,5,1,3,8,6.88
casual,classic_bike,1,1,22,6,9.5
member,classic_bike,3,1,4,16,6.69
casual,classic_bike,2,1,7,29,7.07
casual,classic_bike,4,1,5,11,54.73
casual,classic_bike,7,2,15,117,22.79
casual,electric_bike,4,2,11,72,7.56
casual,electric_bike,6,2,21,45,8.36
member,classic_bike,6,2,23,85,9.45
casual,classic_bike,7,3,4,13,33.85
casual,classic_bike,1,3,12,410,23.87
casual,classic_bike,3,3,0,19,16.32
casual,electric_bike,1,3,6,41,9.93
casual,classic_bike,2,4,12,328,35.24
casual,classic_bike,1,4,8,143,33.34
casual,classic_bike,1,5,21,194,32.56
casual,classic_bike,2,5,3,18,11.72
casual,classic_bike,1,5,2,66,18.42
casual,classic_bike,5,5,6,106,19.61
casual,electric_bike,1,5,3,49,8.22
casual,classic_bike,2,5,1,32,28.88
casual,classic_bike,3,5,4,11,14.45
casual,electric_bike,4,6,4,21,7.52
member,classic_bike,5,6,3,12,55.67
casual,electric_bike,5,6,0,139,14.44
member,electric_bike,6,7,2,36,9.86
member,electric_bike,7,7,4,44,11.61
member,classic_bike,1,7,5,73,25.07
casual,classic_bike,4,7,3,33,36.94
casual,classic_bike,5,8,5,80,16.07
member,classic_bike,2,9,4,44,11.84
casual,classic_bike,4,9,22,208,15.88
casual,classic_bike,6,9,1,77,22.61
casual,classic_bike,5,10,4,16,27.81
casual,electric_bike,5,10,3,31,10.87
casual,classic_bike,4,11,16,211,15.75
casual,classic_bike,5,11,6,50,13.42
member,electric_bike,6,11,4,27,6.7
member,classic_bike,7,12,21,110,10.85
member,classic_bike,1,12,12,176,14.18
casual,classic_bike,6,12,0,31,14.39
member,classic_bike,3,12,23,70,18.51
casual,classic_bike,7,12,12,99,25.58
casual,classic_bike,7,12,19,90,18.27
casual,classic_bike,1,12,15,78,17.38
casual,classic_bike,3,12,10,46,21.5
casual,classic_bike,4,1,11,75,12.83
casual,classic_bike,2,1,20,17,14.06
casual,classic_bike,5,1,4,5,8.0
casual,classic_bike,6,1,9,50,8.6
casual,classic_bike,2,1,18,39,49.85
member,electric_bike,4,1,4,17,7.71
member,electric_bike,5,1,0,19,4.42
casual,electric_bike,2,2,18,110,8.85
casual,electric_bike,3,2,23,27,6.7
casual,electric_bike,4,2,20,61,7.07
member,classic_bike,5,2,0,13,9.15
casual,classic_bike,5,2,16,114,19.76
casual,classic_bike,5,2,15,74,17.28
casual,classic_bike,7,2,14,117,28.79
casual,classic_bike,1,2,5,3,4.0
casual,classic_bike,1,3,23,34,39.29
member,classic_bike,4,3,3,4,16.5
casual,electric_bike,5,3,3,9,10.11
casual,classic_bike,4,3,11,144,20.24
member,electric_bike,2,3,2,12,9.58
casual,electric_bike,5,4,21,159,10.98
member,electric_bike,1,4,2,56,10.7
casual,classic_bike,1,4,6,40,16.85
member,classic_bike,1,4,1,98,13.79
casual,classic_bike,7,5,5,36,35.47
casual,classic_bike,6,7,5,71,21.32
member,classic_bike,7,7,1,129,12.14
casual,electric_bike,4,7,4,36,11.11
casual,electric_bike,2,8,4,39,7.92
member,classic_bike,7,8,3,77,15.42
member,classic_bike,2,9,2,25,8.24
casual,electric_bike,6,9,4,47,7.43
casual,classic_bike,6,9,10,489,37.87
casual,classic_bike,1,9,8,347,41.29
member,classic_bike,1,10,2,74,21.0
casual,classic_bike,3,10,22,78,13.91
casual,classic_bike,7,10,4,37,13.14
casual,classic_bike,2,11,10,114,27.68
casual,electric_bike,2,12,3,7,10.86
casual,classic_bike,3,12,13,82,21.39
casual,electric_bike,4,12,1,25,7.36
casual,classic_bike,5,12,0,14,7.21
casual,electric_bike,3,12,2,16,16.38
casual,electric_bike,7,12,6,16,5.06
casual,classic_bike,6,1,4,6,6.0
casual,electric_bike,1,1,6,14,6.29
member,classic_bike,1,1,2,14,7.86
casual,classic_bike,1,1,17,40,12.88
casual,classic_bike,3,1,19,28,10.79
casual,electric_bike,2,2,8,110,6.16
casual,classic_bike,2,2,22,19,40.26
casual,classic_bike,6,2,14,99,16.96
member,classic_bike,1,3,2,40,12.9
member,electric_bike,7,3,23,136,10.02
casual,classic_bike,1,3,22,45,21.8
casual,classic_bike,1,4,5,4,11.0
casual,classic_bike,4,5,1,45,16.44
casual,electric_bike,2,7,4,36,27.19
casual,classic_bike,2,8,1,101,32.96
member,classic_bike,5,8,1,42,14.26
casual,classic_bike,7,9,3,59,36.08
casual,classic_bike,5,9,1,43,24.19
member,classic_bike,5,9,0,71,11.1
casual,classic_bike,4,10,5,46,18.3
casual,classic_bike,4,11,15,187,26.37
casual,classic_bike,5,11,20,102,18.06
casual,classic_bike,6,11,7,82,13.43
member,classic_bike,1,11,7,162,9.89
casual,classic_bike,7,11,7,70,23.06
casual,electric_bike,2,12,10,38,8.63
casual,classic_bike,1,12,14,53,16.09
casual,classic_bike,4,12,9,44,23.02
casual,classic_bike,1,1,12,64,47.8
casual,classic_bike,2,1,6,11,27.36
casual,electric_bike,1,2,23,26,7.58
casual,classic_bike,3,2,7,44,7.91
casual,classic_bike,2,4,22,95,32.94
casual,classic_bike,4,6,1,44,18.36
member,classic_bike,5,7,1,40,9.3
casual,classic_bike,1,8,4,104,24.89
member,electric_bike,2,9,3,33,8.94
member,classic_bike,4,10,1,44,10.86
member,classic_bike,1,10,4,30,9.3
casual,classic_bike,6,10,4,21,7.19
casual,classic_bike,6,10,2,41,10.83
casual,classic_bike,3,11,2,5,34.8
casual,classic_bike,1,11,21,65,26.71
casual,classic_bike,6,12,23,45,10.78
casual,electric_bike,5,12,5,16,5.31
casual,classic_bike,7,1,21,33,13.67
member,electric_bike,5,1,23,70,8.24
casual,electric_bike,7,1,3,19,9.32
casual,classic_bike,5,2,13,62,17.81
member,electric_bike,1,2,2,38,8.45
member,electric_bike,5,3,0,40,7.52
casual,electric_bike,6,3,3,16,6.94
casual,classic_bike,4,3,6,43,14.02
member,electric_bike,2,3,4,31,5.65
casual,classic_bike,2,3,6,36,8.81
member,electric_bike,6,8,4,45,12.0
member,classic_bike,4,9,2,13,13.69
member,electric_bike,2,12,0,31,6.87
casual,electric_bike,4,12,3,9,17.89
member,classic_bike,6,2,0,32,11.44
casual,classic_bike,6,4,1,35,14.6
casual,classic_bike,1,4,7,71,28.63
casual,electric_bike,3,6,3,20,8.1
casual,classic_bike,2,6,3,32,24.25
casual,classic_bike,4,6,3,17,20.35
casual,electric_bike,5,9,2,43,10.33
member,electric_bike,4,10,2,27,11.67
casual,classic_bike,1,11,2,63,9.79
member,electric_bike,1,12,7,29,10.66
casual,electric_bike,6,1,13,100,9.44
casual,classic_bike,7,2,16,87,19.4
casual,classic_bike,3,3,22,57,15.05
casual,classic_bike,3,4,6,78,18.96
casual,classic_bike,4,8,3,21,14.14
member,classic_bike,6,11,1,33,14.09
casual,electric_bike,4,12,14,135,8.37
casual,classic_bike,6,12,17,71,26.51
casual,classic_bike,1,2,11,77,19.6
casual,classic_bike,3,2,20,39,8.36
casual,electric_bike,1,3,7,60,8.57
casual,classic_bike,1,9,5,44,30.95
member,classic_bike,7,11,3,50,30.22
casual,classic_bike,6,11,5,19,6.68
member,classic_bike,3,12,0,25,10.0
casual,classic_bike,3,12,15,111,17.7
casual,classic_bike,3,12,16,104,28.07
casual,classic_bike,2,2,23,6,32.0
member,electric_bike,3,3,1,29,9.34
member,classic_bike,3,9,3,13,15.31
casual,classic_bike,2,10,5,45,23.51
casual,classic_bike,3,2,5,15,11.0
casual,classic_bike,6,4,3,9,16.67
member,classic_bike,5,5,1,34,12.82
casual,electric_bike,4,5,2,29,12.28
member,classic_bike,6,8,3,33,11.61
casual,electric_bike,4,1,19,80,7.67
member,electric_bike,1,4,4,30,8.87
casual,classic_bike,6,2,13,84,18.37
casual,classic_bike,2,7,3,20,88.3
casual,classic_bike,5,9,3,15,12.07
casual,classic_bike,5,10,2,16,77.13
casual,classic_bike,3,8,2,13,18.54
member,electric_bike,6,6,2,34,9.35
casual,electric_bike,2,5,4,17,12.76
casual,classic_bike,5,6,5,60,47.47
casual,classic_bike,1,11,4,26,18.58
member,electric_bike,5,8,2,16,16.06
casual,classic_bike,1,12,13,37,12.78
casual,classic_bike,4,4,0,49,16.78
casual,classic_bike,2,12,2,6,9.17
casual,classic_bike,3,10,23,81,31.99
member,electric_bike,6,12,3,10,10.0
member,classic_bike,2,10,1,31,11.9
member,classic_bike,5,12,4,13,15.62
casual,classic_bike,6,2,3,1,68.0
casual,classic_bike,5,3,4,8,51.88
casual,classic_bike,3,1,22,15,91.93
member,electric_bike,3,1,1,6,9.5
casual,classic_bike,1,1,0,14,11.14
member,classic_bike,2,1,3,7,10.14
member,electric_bike,2,2,3,13,9.0
casual,electric_bike,3,2,22,37,7.32
casual,classic_bike,2,3,5,22,15.55
member,classic_bike,5,5,3,17,8.82
member,classic_bike,6,6,3,22,8.18
member,electric_bike,6,7,4,28,9.18
member,classic_bike,3,10,4,25,8.12
member,classic_bike,7,12,2,36,25.14
casual,classic_bike,3,12,1,12,70.08
casual,electric_bike,7,1,1,34,12.12
casual,electric_bike,4,2,6,58,4.84
casual,classic_bike,6,3,2,15,12.2
member,electric_bike,4,4,3,15,7.2
casual,electric_bike,3,5,3,9,8.67
casual,electric_bike,2,6,4,40,10.0
casual,electric_bike,4,11,2,25,6.68
casual,classic_bike,5,12,22,28,18.61
casual,classic_bike,7,12,0,36,12.58
casual,classic_bike,1,12,16,49,21.18
member,classic_bike,1,1,4,4,13.5
casual,electric_bike,1,2,22,30,11.87
casual,electric_bike,2,2,5,17,5.82
casual,classic_bike,7,2,3,12,11.5
casual,electric_bike,7,4,2,64,9.45
casual,electric_bike,3,7,3,35,11.4
casual,classic_bike,5,1,21,18,9.5
casual,electric_bike,5,2,2,10,9.4
member,electric_bike,1,2,4,15,5.33
casual,classic_bike,1,2,20,31,16.26
member,classic_bike,7,10,5,47,15.21
member,classic_bike,2,10,3,10,8.9
member,electric_bike,1,1,3,14,5.93
member,classic_bike,2,2,4,17,9.41
member,electric_bike,5,5,2,19,9.05
casual,electric_bike,4,8,4,35,8.37
member,classic_bike,1,9,3,56,14.02
member,electric_bike,6,11,2,22,12.09
member,electric_bike,2,1,2,5,10.4
casual,electric_bike,6,1,3,7,6.86
casual,classic_bike,5,1,2,11,34.64
member,electric_bike,3,2,2,5,10.4
member,electric_bike,4,3,4,16,8.75
casual,classic_bike,7,3,2,44,65.14
casual,electric_bike,5,4,2,13,19.15
member,electric_bike,3,4,2,21,9.24
member,classic_bike,5,8,3,18,16.33
casual,classic_bike,1,12,10,28,12.5
casual,electric_bike,1,12,21,25,9.92
casual,classic_bike,1,1,19,24,8.96
casual,classic_bike,5,3,2,3,6.67
casual,classic_bike,7,4,3,19,20.0
member,electric_bike,7,4,5,24,7.67
member,classic_bike,2,4,2,11,11.09
casual,classic_bike,7,11,5,18,60.5
member,electric_bike,2,12,23,51,8.67
casual,electric_bike,7,2,4,9,5.0
casual,classic_bike,4,2,23,8,10.38
casual,classic_bike,3,2,6,17,11.41
member,classic_bike,4,4,2,17,11.82
casual,classic_bike,5,11,5,21,10.52
casual,classic_bike,6,1,2,5,16.0
casual,electric_bike,7,4,4,16,6.0
casual,classic_bike,2,12,21,31,13.87
casual,classic_bike,4,1,20,36,11.75
casual,electric_bike,1,3,5,14,9.14
casual,classic_bike,5,12,23,21,42.62
casual,classic_bike,1,2,6,2,7.5
casual,classic_bike,7,1,2,13,13.15
casual,classic_bike,5,4,1,11,13.73
casual,classic_bike,5,4,3,8,15.0
member,classic_bike,3,4,3,9,21.44
member,classic_bike,3,9,1,35,13.06
casual,classic_bike,6,9,3,28,23.82
casual,electric_bike,1,12,4,15,10.87
casual,classic_bike,6,2,10,36,22.17
casual,electric_bike,3,2,0,9,7.56
casual,classic_bike,1,12,1,18,11.61
casual,classic_bike,4,2,22,14,13.5
casual,electric_bike,2,5,2,32,10.63
casual,classic_bike,3,5,2,7,12.43
casual,classic_bike,3,8,4,11,15.55
casual,classic_bike,4,5,3,6,36.67
casual,classic_bike,3,1,23,10,98.4
casual,electric_bike,4,6,2,31,12.26
casual,classic_bike,2,12,4,3,30.67
casual,electric_bike,1,1,7,14,8.29
member,electric_bike,2,2,1,8,7.88
casual,classic_bike,5,2,1,1,3.0
member,electric_bike,3,10,3,14,10.36
casual,classic_bike,2,2,0,8,94.88
member,classic_bike,1,4,3,32,13.75
casual,classic_bike,1,5,4,19,22.74
member,classic_bike,5,7,3,10,7.2
casual,electric_bike,4,11,4,16,10.0
member,classic_bike,4,10,3,4,4.25
casual,classic_bike,4,11,1,14,11.79
casual,electric_bike,5,2,4,8,5.87
member,classic_bike,6,11,3,9,11.0
casual,electric_bike,1,1,20,40,8.9
member,classic_bike,3,3,2,8,4.13
casual,classic_bike,4,12,4,6,11.17
member,electric_bike,4,3,2,9,7.11
casual,electric_bike,5,3,1,8,9.0
casual,classic_bike,1,2,7,10,31.7
member,classic_bike,7,3,5,17,17.06
casual,classic_bike,6,2,1,10,9.3
casual,classic_bike,7,1,4,8,7.63
member,classic_bike,3,2,3,3,10.33
casual,classic_bike,3,11,4,6,143.5
casual,classic_bike,4,2,0,5,6.6
casual,electric_bike,3,11,3,4,12.0
casual,classic_bike,1,1,23,4,7.75
casual,electric_bike,2,12,1,11,6.55
member,classic_bike,3,1,2,5,8.6
casual,classic_bike,3,1,0,2,14.0
casual,classic_bike,2,1,5,3,30.0
member,classic_bike,2,3,3,5,7.4
member,classic_bike,4,3,1,10,11.1
member,electric_bike,4,2,3,6,10.5
casual,classic_bike,5,2,3,2,53.0
member,electric_bike,3,1,3,5,6.2
casual,classic_bike,4,11,3,4,5.5
casual,classic_bike,4,3,5,8,10.75
member,electric_bike,5,12,3,6,11.83
member,classic_bike,2,1,1,4,6.75
casual,classic_bike,3,12,3,4,6.75
casual,classic_bike,6,3,4,3,8.0
member,electric_bike,4,1,17,878,8.65
member,classic_bike,4,1,18,580,10.23
member,electric_bike,6,1,15,494,8.65
member,classic_bike,1,1,12,286,10.93
member,classic_bike,1,1,22,46,8.65
member,electric_bike,3,1,20,171,6.71
member,classic_bike,4,1,5,128,7.59
member,electric_bike,6,1,14,353,9.21
member,classic_bike,2,1,7,410,10.2
member,classic_bike,2,1,11,254,9.23
member,classic_bike,3,1,17,753,12.55
member,electric_bike,4,1,12,337,7.74
member,electric_bike,4,1,19,344,7.56
member,classic_bike,6,1,9,310,11.58
member,electric_bike,7,1,13,310,8.2
member,electric_bike,2,1,12,209,6.03
member,electric_bike,2,1,17,613,8.37
member,electric_bike,2,1,23,52,7.52
member,classic_bike,4,1,11,392,9.34
member,classic_bike,5,1,9,539,9.31
member,electric_bike,5,1,15,630,9.7
casual,electric_bike,5,1,18,113,7.12
member,electric_bike,7,1,1,35,7.43
casual,classic_bike,1,1,15,50,19.3
member,electric_bike,1,1,20,90,6.81
member,classic_bike,3,1,12,301,8.89
casual,classic_bike,3,1,14,42,14.5
member,electric_bike,3,1,18,440,8.71
member,classic_bike,4,1,8,763,11.68
member,electric_bike,5,1,10,310,8.56
member,electric_bike,6,1,10,224,10.43
member,classic_bike,6,1,21,178,10.4
member,classic_bike,7,2,16,361,11.6
casual,electric_bike,2,2,4,15,4.07
member,electric_bike,2,2,11,240,7.27
member,classic_bike,2,2,12,450,9.25
member,electric_bike,2,2,20,213,8.05
member,classic_bike,2,2,23,31,13.26
member,classic_bike,3,2,6,317,11.83
member,classic_bike,3,2,8,905,10.35
member,electric_bike,3,2,17,990,9.47
member,electric_bike,4,2,11,224,7.53
member,classic_bike,4,2,12,344,8.15
casual,classic_bike,4,2,14,44,11.2
member,classic_bike,4,2,17,825,11.33
member,electric_bike,5,2,9,389,7.48
member,classic_bike,5,2,10,260,9.37
member,classic_bike,5,2,16,725,11.78
casual,electric_bike,5,2,17,203,8.6
casual,electric_bike,6,2,19,103,8.14
member,electric_bike,7,2,9,229,7.96
member,classic_bike,1,2,7,71,13.21
member,classic_bike,1,2,8,145,9.25
casual,electric_bike,1,2,16,120,10.56
member,classic_bike,2,2,19,390,9.37
member,classic_bike,3,2,20,250,9.72
member,electric_bike,4,2,5,114,6.41
member,classic_bike,5,2,13,347,9.28
member,classic_bike,5,2,14,304,9.79
member,classic_bike,1,2,11,384,10.23
member,electric_bike,3,2,12,295,7.38
member,electric_bike,3,2,22,119,7.51
member,electric_bike,4,2,7,659,7.37
member,classic_bike,5,2,15,471,10.34
member,electric_bike,6,2,2,9,5.56
member,classic_bike,7,2,13,414,10.89
member,electric_bike,1,2,22,111,9.06
member,electric_bike,2,2,7,638,7.88
member,electric_bike,4,2,18,524,9.11
member,classic_bike,6,2,13,430,9.78
member,classic_bike,6,2,15,528,11.02
member,classic_bike,6,2,16,675,11.03
member,classic_bike,7,3,2,42,11.45
casual,classic_bike,1,3,13,472,28.87
member,classic_bike,2,3,7,926,10.68
casual,electric_bike,2,3,16,514,12.92
casual,classic_bike,4,3,4,5,7.4
member,electric_bike,5,3,13,419,8.55
member,electric_bike,6,3,14,683,10.74
casual,classic_bike,6,3,19,495,25.99
member,electric_bike,1,3,8,218,7.62
member,classic_bike,1,3,12,822,12.18
member,classic_bike,2,3,8,1255,10.82
member,classic_bike,2,3,11,540,9.92
casual,electric_bike,2,3,15,402,13.11
member,classic_bike,2,3,18,1433,11.68
member,electric_bike,3,3,6,450,7.43
member,electric_bike,3,3,8,1194,8.65
member,electric_bike,3,3,18,862,9.42
member,classic_bike,4,3,6,422,9.53
member,classic_bike,4,3,8,1235,10.94
member,electric_bike,4,3,17,1010,10.24
member,classic_bike,4,3,20,325,9.96
casual,electric_bike,5,3,6,89,5.39
member,classic_bike,5,3,9,539,10.01
member,electric_bike,5,3,15,679,9.44
casual,electric_bike,7,3,8,183,9.74
member,classic_bike,7,3,9,731,12.37
member,electric_bike,7,3,10,565,9.11
casual,electric_bike,7,3,11,426,14.66
member,electric_bike,7,3,16,660,11.5
casual,classic_bike,7,3,17,555,31.03
member,classic_bike,1,3,17,599,13.09
member,classic_bike,1,3,23,60,11.37
member,electric_bike,2,3,19,671,8.81
member,electric_bike,3,3,5,160,5.72
casual,classic_bike,3,3,14,178,27.3
member,classic_bike,3,3,17,1619,13.04
member,classic_bike,4,3,11,508,10.43
member,electric_bike,6,3,13,540,10.21
member,classic_bike,6,3,21,351,12.3
member,electric_bike,7,3,15,623,11.52
member,electric_bike,2,3,12,481,8.92
member,classic_bike,2,3,20,511,10.05
member,electric_bike,3,3,11,310,9.63
member,classic_bike,3,3,12,489,9.21
member,electric_bike,4,3,12,378,7.6
casual,electric_bike,4,3,16,310,10.55
casual,classic_bike,5,3,12,128,20.9
member,electric_bike,7,3,1,106,9.85
member,classic_bike,2,3,6,467,12.23
member,classic_bike,3,4,8,1784,10.5
member,electric_bike,4,4,7,1073,8.28
member,classic_bike,4,4,19,1002,11.13
member,classic_bike,5,4,13,614,10.79
member,classic_bike,5,4,14,646,10.6
member,classic_bike,5,4,16,1186,11.53
casual,classic_bike,6,4,7,109,13.13
member,classic_bike,6,4,15,936,11.43
member,classic_bike,6,4,16,1099,11.52
member,electric_bike,6,4,21,279,9.96
member,classic_bike,7,4,10,791,11.89
member,classic_bike,7,4,16,919,13.42
casual,electric_bike,7,4,19,276,13.12
member,classic_bike,1,4,20,313,10.55
member,electric_bike,2,4,8,1052,8.81
member,classic_bike,2,4,17,1940,13.87
member,classic_bike,3,4,6,605,10.41
member,classic_bike,3,4,11,752,9.82
casual,electric_bike,3,4,14,296,15.43
casual,electric_bike,4,4,4,19,5.89
member,electric_bike,4,4,6,529,8.7
member,electric_bike,4,4,8,1295,9.01
member,electric_bike,4,4,11,433,9.5
casual,classic_bike,4,4,13,241,25.23
member,electric_bike,4,4,18,1106,10.2
member,classic_bike,4,4,23,126,9.84
member,classic_bike,7,4,13,993,13.41
member,classic_bike,7,4,14,952,13.41
member,classic_bike,7,4,15,950,13.06
member,electric_bike,1,4,0,169,10.07
member,classic_bike,1,4,7,228,11.43
member,electric_bike,1,4,12,591,10.98
member,electric_bike,1,4,19,424,10.14
casual,classic_bike,2,4,14,353,29.82
casual,classic_bike,2,4,15,442,29.67
casual,classic_bike,2,4,16,551,30.97
member,electric_bike,3,4,0,70,8.51
member,classic_bike,3,4,5,201,10.73
member,electric_bike,3,4,17,2084,10.86
member,classic_bike,3,4,18,1834,12.55
member,classic_bike,5,4,10,582,12.28
casual,classic_bike,7,4,11,519,32.12
casual,electric_bike,7,4,17,463,16.67
member,classic_bike,1,4,5,27,14.19
member,classic_bike,1,4,18,769,13.41
casual,classic_bike,1,4,21,137,20.72
member,classic_bike,2,4,19,953,12.29
member,classic_bike,3,4,7,1443,11.4
casual,classic_bike,3,4,9,209,21.29
casual,electric_bike,4,4,21,192,10.55
casual,electric_bike,5,4,19,240,10.18
member,electric_bike,5,4,21,337,8.55
member,electric_bike,6,4,9,612,8.98
casual,classic_bike,6,4,18,448,23.61
casual,electric_bike,7,4,12,503,16.65
casual,classic_bike,7,4,18,546,26.44
member,classic_bike,1,4,11,789,13.57
casual,electric_bike,1,4,13,494,17.36
casual,electric_bike,1,4,15,471,18.91
member,electric_bike,2,4,11,331,9.02
member,classic_bike,2,4,12,692,10.75
member,electric_bike,3,4,12,608,8.25
casual,electric_bike,3,4,16,648,12.88
member,electric_bike,4,4,5,188,6.84
member,classic_bike,4,4,17,2121,13.29
member,classic_bike,4,4,22,265,16.51
member,classic_bike,6,5,7,1242,10.78
member,electric_bike,6,5,17,1645,11.88
member,electric_bike,7,5,12,935,11.31
casual,electric_bike,7,5,14,942,19.59
casual,electric_bike,1,5,6,73,10.59
member,classic_bike,1,5,9,598,12.03
member,electric_bike,1,5,13,672,12.55
member,electric_bike,1,5,14,641,12.31
member,classic_bike,2,5,10,586,9.88
member,classic_bike,2,5,13,769,13.01
member,classic_bike,2,5,16,1461,13.29
member,electric_bike,3,5,16,1723,11.06
member,classic_bike,3,5,21,510,11.21
member,classic_bike,4,5,14,785,10.88
casual,classic_bike,4,5,20,260,20.7
member,classic_bike,5,5,7,1335,11.74
member,electric_bike,5,5,12,755,9.47
member,classic_bike,5,5,20,823,11.96
member,electric_bike,5,5,22,355,10.14
member,classic_bike,6,5,6,629,11.06
member,classic_bike,6,5,11,987,11.4
member,electric_bike,6,5,12,929,10.39
casual,electric_bike,6,5,14,785,17.46
casual,electric_bike,6,5,15,947,15.87
casual,electric_bike,6,5,16,1159,14.69
member,electric_bike,7,5,19,689,10.78
member,electric_bike,7,5,23,331,10.69
member,classic_bike,1,5,4,39,11.82
casual,electric_bike,1,5,8,168,18.71
member,electric_bike,1,5,10,517,11.28
casual,classic_bike,1,5,12,925,35.57
member,electric_bike,1,5,16,584,12.84
member,classic_bike,1,5,21,251,14.08
casual,electric_bike,2,5,12,470,18.49
casual,electric_bike,2,5,23,84,11.77
member,electric_bike,3,5,3,27,9.07
member,electric_bike,3,5,14,575,10.63
member,electric_bike,3,5,15,915,10.13
member,electric_bike,4,5,9,487,8.66
member,classic_bike,4,5,10,400,11.41
member,classic_bike,4,5,16,1743,12.37
casual,electric_bike,5,5,15,746,14.96
member,electric_bike,6,5,19,719,10.49
casual,electric_bike,7,5,13,958,20.48
member,classic_bike,7,5,20,572,12.79
member,electric_bike,1,5,15,617,11.38
member,classic_bike,2,5,14,857,12.24
member,classic_bike,2,5,15,978,13.24
member,electric_bike,3,5,1,37,9.59
casual,classic_bike,4,5,8,241,14.24
member,classic_bike,4,5,15,1000,11.63
casual,electric_bike,5,5,10,249,16.08
casual,electric_bike,5,5,16,931,13.89
member,classic_bike,6,5,8,1310,11.15
casual,electric_bike,6,5,10,420,16.4
casual,electric_bike,7,5,3,65,11.22
casual,classic_bike,7,5,9,731,34.05
casual,electric_bike,7,5,16,1032,18.86
member,electric_bike,3,5,13,499,8.85
casual,electric_bike,3,5,20,306,13.83
casual,electric_bike,4,5,12,263,12.49
member,classic_bike,4,5,13,673,10.19
casual,electric_bike,4,5,23,135,11.87
member,classic_bike,5,5,6,618,12.27
member,classic_bike,6,5,18,1685,13.3
member,classic_bike,7,5,11,1309,15.17
member,classic_bike,7,5,18,1139,14.18
casual,classic_bike,1,6,17,1630,31.2
casual,classic_bike,1,6,19,1074,28.0
member,classic_bike,1,6,21,534,12.86
member,classic_bike,2,6,10,832,12.74
member,classic_bike,2,6,15,1278,13.03
member,classic_bike,2,6,16,2280,13.29
member,classic_bike,4,6,16,1688,12.92
member,classic_bike,5,6,5,238,12.49
member,classic_bike,5,6,7,1316,11.68
member,classic_bike,5,6,8,1651,11.38
member,classic_bike,5,6,11,1034,12.48
member,classic_bike,6,6,7,1117,12.15
member,classic_bike,6,6,8,1191,11.1
member,electric_bike,6,6,19,800,12.61
casual,classic_bike,6,6,21,575,30.06
member,classic_bike,7,6,6,201,12.74
member,classic_bike,7,6,8,793,14.15
member,classic_bike,7,6,11,1466,15.95
casual,electric_bike,7,6,13,1040,20.27
member,electric_bike,1,6,15,989,12.51
casual,classic_bike,1,6,23,261,27.84
member,classic_bike,2,6,14,1133,11.41
casual,electric_bike,2,6,17,1288,15.27
casual,classic_bike,2,6,20,844,23.47
member,electric_bike,2,6,21,561,11.22
member,classic_bike,3,6,9,1055,11.78
member,electric_bike,3,6,14,697,11.15
casual,classic_bike,4,6,11,470,30.44
casual,classic_bike,4,6,20,632,24.31
casual,electric_bike,4,6,22,320,15.06
casual,electric_bike,5,6,14,716,18.34
member,classic_bike,5,6,18,1984,14.43
casual,classic_bike,5,6,21,602,30.72
member,electric_bike,6,6,12,722,10.73
member,classic_bike,6,6,18,1609,14.53
member,classic_bike,6,6,20,862,15.42
member,classic_bike,7,6,7,469,14.35
casual,electric_bike,7,6,15,1324,19.27
member,classic_bike,7,6,18,1132,18.5
member,electric_bike,7,6,22,453,12.29
casual,electric_bike,1,6,8,328,20.16
casual,classic_bike,1,6,12,2080,34.95
casual,electric_bike,1,6,18,869,17.69
member,classic_bike,2,6,13,1010,12.94
casual,electric_bike,3,6,6,246,8.11
casual,electric_bike,3,6,18,786,14.35
casual,classic_bike,3,6,19,1114,27.51
member,classic_bike,3,6,21,773,13.77
casual,electric_bike,4,6,0,90,11.96
member,electric_bike,5,6,12,773,11.68
casual,electric_bike,5,6,13,623,18.48
casual,electric_bike,5,6,15,748,17.33
member,electric_bike,5,6,19,874,11.56
member,electric_bike,6,6,17,1578,12.08
casual,classic_bike,7,6,9,937,36.69
member,electric_bike,7,6,23,326,11.62
member,classic_bike,1,6,9,1053,13.39
member,classic_bike,4,6,10,591,12.03
member,classic_bike,4,6,14,549,12.39
member,electric_bike,6,6,0,132,10.12
member,classic_bike,6,6,6,618,11.76
member,classic_bike,6,6,11,818,11.87
casual,electric_bike,6,6,13,712,17.42
casual,electric_bike,7,6,14,1118,20.12
casual,classic_bike,7,6,21,836,34.17
casual,classic_bike,2,6,18,1437,28.97
member,electric_bike,3,7,16,2762,11.01
casual,classic_bike,3,7,19,1374,27.12
casual,classic_bike,3,7,23,209,37.67
casual,classic_bike,4,7,11,696,29.26
casual,electric_bike,4,7,12,663,14.97
member,classic_bike,4,7,14,912,12.3
member,classic_bike,4,7,15,1164,12.49
member,classic_bike,4,7,16,2227,13.17
member,classic_bike,5,7,7,1840,13.77
member,electric_bike,5,7,19,1125,11.77
member,electric_bike,6,7,17,1540,12.86
casual,classic_bike,6,7,21,686,29.34
member,classic_bike,7,7,8,736,14.11
member,electric_bike,7,7,19,769,13.89
member,classic_bike,1,7,9,886,13.89
casual,electric_bike,1,7,11,1006,20.39
member,electric_bike,1,7,15,873,13.4
member,classic_bike,1,7,21,503,25.2
member,classic_bike,2,7,16,1887,14.3
casual,electric_bike,2,7,17,1193,14.73
member,classic_bike,3,7,9,1270,11.42
casual,classic_bike,3,7,12,819,37.91
member,electric_bike,3,7,13,869,10.52
casual,electric_bike,3,7,18,1394,15.35
member,classic_bike,4,7,13,985,10.71
casual,electric_bike,4,7,19,860,16.17
member,classic_bike,5,7,8,2179,12.01
member,classic_bike,6,7,7,900,11.64
member,classic_bike,6,7,20,888,18.65
member,classic_bike,7,7,6,229,12.22
member,electric_bike,7,7,12,748,12.49
casual,electric_bike,7,7,13,1086,22.81
casual,electric_bike,7,7,14,1147,20.29
member,classic_bike,7,7,18,1209,15.59
casual,classic_bike,7,7,21,1051,31.97
casual,classic_bike,1,7,0,625,25.34
casual,classic_bike,1,7,12,1514,35.54
member,electric_bike,1,7,13,931,13.34
casual,electric_bike,1,7,18,849,19.26
member,classic_bike,2,7,14,878,14.06
member,electric_bike,2,7,21,624,12.05
casual,classic_bike,3,7,0,144,44.47
member,electric_bike,3,7,14,935,10.67
member,classic_bike,3,7,21,968,13.7
member,classic_bike,4,7,10,882,12.54
casual,classic_bike,4,7,18,1547,26.68
member,electric_bike,5,7,17,2767,12.13
member,classic_bike,5,7,18,2413,14.73
casual,electric_bike,6,7,10,425,19.8
member,classic_bike,6,7,11,830,13.53
casual,electric_bike,6,7,16,1240,18.17
casual,classic_bike,7,7,9,839,39.37
casual,electric_bike,7,7,15,1269,20.6
member,electric_bike,7,7,17,1023,13.11
casual,electric_bike,1,7,20,587,18.5
casual,electric_bike,2,7,12,501,16.69
member,electric_bike,4,7,9,1012,10.15
member,electric_bike,5,7,0,143,12.9
member,electric_bike,5,7,12,966,10.01
casual,electric_bike,5,7,14,958,16.36
casual,electric_bike,5,7,15,1079,16.79
member,classic_bike,6,7,8,1088,12.38
member,electric_bike,6,7,12,816,12.08
member,classic_bike,6,7,18,1562,15.76
member,electric_bike,6,7,23,362,12.12
member,classic_bike,7,7,11,1162,14.84
casual,electric_bike,7,7,16,1399,19.26
casual,electric_bike,2,7,22,337,16.32
casual,classic_bike,3,7,17,1696,24.11
casual,classic_bike,4,7,20,1000,25.06
casual,electric_bike,5,7,10,503,17.47
casual,electric_bike,5,7,13,876,17.01
member,classic_bike,5,7,20,1188,16.72
member,classic_bike,6,8,5,308,14.82
member,classic_bike,6,8,8,1754,11.2
member,electric_bike,6,8,22,626,12.07
casual,classic_bike,7,8,2,200,33.35
member,classic_bike,7,8,11,1889,14.92
member,electric_bike,7,8,17,1129,14.05
member,electric_bike,7,8,22,607,13.43
member,electric_bike,1,8,3,80,10.86
member,classic_bike,1,8,9,1229,15.36
casual,electric_bike,1,8,11,1454,21.02
casual,classic_bike,1,8,19,1220,28.08
casual,electric_bike,1,8,20,730,16.08
member,classic_bike,2,8,13,859,12.01
member,classic_bike,2,8,14,883,13.04
casual,classic_bike,3,8,0,81,59.17
casual,electric_bike,3,8,6,260,9.05
member,classic_bike,3,8,9,1012,11.0
member,electric_bike,3,8,14,659,10.51
member,electric_bike,3,8,15,1104,10.94
casual,classic_bike,3,8,17,948,24.76
casual,classic_bike,3,8,19,694,24.73
casual,electric_bike,4,8,0,105,11.23
member,electric_bike,4,8,9,750,10.1
member,classic_bike,4,8,10,786,12.17
member,classic_bike,4,8,16,2171,13.63
member,electric_bike,5,8,0,100,10.28
member,classic_bike,5,8,8,1864,10.74
member,electric_bike,5,8,23,274,12.32
member,classic_bike,6,8,11,1238,15.41
member,classic_bike,6,8,18,2228,13.54
member,electric_bike,7,8,0,384,12.12
member,classic_bike,7,8,6,260,16.65
member,classic_bike,7,8,7,598,15.03
member,electric_bike,7,8,19,864,13.42
member,electric_bike,7,8,23,420,12.75
member,electric_bike,1,8,10,988,12.45
casual,classic_bike,1,8,22,716,26.17
casual,electric_bike,2,8,12,536,18.34
member,classic_bike,2,8,15,1242,12.46
member,electric_bike,3,8,13,646,10.43
member,classic_bike,3,8,21,685,13.41
member,electric_bike,4,8,4,33,10.27
member,classic_bike,4,8,15,1331,13.95
member,classic_bike,5,8,7,1568,11.47
member,electric_bike,5,8,12,805,10.61
member,classic_bike,5,8,18,2293,13.94
member,electric_bike,5,8,19,1124,11.96
member,classic_bike,6,8,6,841,12.03
member,classic_bike,6,8,7,1534,11.38
member,electric_bike,6,8,12,1269,10.98
casual,electric_bike,6,8,13,1210,19.22
member,electric_bike,6,8,17,2175,12.24
member,electric_bike,7,8,12,1226,13.33
casual,electric_bike,7,8,13,1618,20.78
member,electric_bike,1,8,16,1341,14.37
casual,electric_bike,1,8,18,1267,19.04
casual,electric_bike,2,8,17,1159,14.18
member,electric_bike,3,8,16,1946,11.89
member,classic_bike,4,8,13,922,12.35
casual,electric_bike,4,8,22,394,12.76
member,classic_bike,5,8,11,971,11.8
casual,electric_bike,5,8,16,1175,16.07
casual,electric_bike,6,8,14,1291,17.71
member,electric_bike,6,8,19,1189,13.26
member,electric_bike,6,8,23,467,12.41
casual,electric_bike,7,8,15,1892,19.32
member,classic_bike,1,8,2,143,14.06
member,electric_bike,1,8,13,1159,14.45
casual,classic_bike,2,8,18,883,22.77
casual,electric_bike,4,8,19,777,15.05
member,classic_bike,5,8,6,705,11.52
member,electric_bike,5,8,22,419,12.66
member,classic_bike,7,8,18,1451,15.84
casual,classic_bike,7,8,21,781,24.06
casual,electric_bike,1,8,8,443,19.3
casual,classic_bike,1,8,12,2288,34.89
casual,classic_bike,1,8,17,2025,30.29
member,classic_bike,1,8,21,582,14.02
member,classic_bike,2,9,0,107,11.18
casual,classic_bike,2,9,13,1094,32.6
member,classic_bike,3,9,7,2254,11.67
member,classic_bike,3,9,18,3001,13.43
member,electric_bike,3,9,22,436,10.79
member,electric_bike,4,9,8,2026,9.83
casual,classic_bike,4,9,15,471,26.7
member,classic_bike,4,9,17,2563,13.91
member,classic_bike,5,9,14,989,11.79
member,electric_bike,5,9,21,632,10.43
casual,classic_bike,6,9,7,201,17.15
casual,classic_bike,6,9,11,681,28.26
member,classic_bike,6,9,16,1917,14.69
member,classic_bike,7,9,10,1204,13.38
casual,classic_bike,7,9,18,956,27.04
member,classic_bike,1,9,7,318,15.14
member,classic_bike,1,9,8,646,13.38
casual,electric_bike,1,9,16,1197,19.29
member,electric_bike,1,9,17,943,13.34
member,classic_bike,2,9,17,3376,14.15
member,classic_bike,3,9,5,315,11.54
member,classic_bike,3,9,8,2677,12.08
member,electric_bike,3,9,17,3329,12.06
member,electric_bike,3,9,19,1297,10.92
member,electric_bike,4,9,7,1879,9.95
member,classic_bike,4,9,19,1466,12.61
member,electric_bike,4,9,20,651,11.58
member,classic_bike,5,9,13,966,11.1
member,classic_bike,5,9,15,1390,13.33
member,classic_bike,5,9,16,2041,15.13
casual,classic_bike,5,9,18,983,23.39
casual,electric_bike,6,9,12,870,18.11
member,classic_bike,7,9,15,1301,14.51
member,classic_bike,7,9,16,1463,14.68
casual,electric_bike,7,9,17,1192,18.76
casual,classic_bike,1,9,9,607,36.78
member,classic_bike,1,9,11,1441,14.0
member,electric_bike,1,9,12,1055,13.36
member,classic_bike,1,9,18,1437,14.44
casual,electric_bike,2,9,9,470,17.56
member,classic_bike,2,9,12,1312,12.87
member,electric_bike,2,9,20,772,10.74
casual,electric_bike,3,9,15,887,14.61
casual,classic_bike,4,9,10,333,39.44
member,electric_bike,4,9,11,586,10.0
member,classic_bike,4,9,12,1027,12.17
member,classic_bike,5,9,10,787,13.69
member,classic_bike,6,9,13,1160,12.35
member,classic_bike,6,9,15,1407,12.79
member,electric_bike,7,9,9,643,11.41
member,classic_bike,7,9,13,1361,15.05
casual,electric_bike,1,9,14,1091,18.3
member,electric_bike,2,9,6,793,9.4
casual,classic_bike,2,9,15,1099,31.2
member,classic_bike,2,9,19,1753,12.56
casual,electric_bike,3,9,1,85,16.6
member,classic_bike,3,9,20,1225,12.75
member,electric_bike,4,9,18,1606,11.6
casual,classic_bike,6,9,18,1000,27.17
casual,classic_bike,6,9,20,433,26.53
member,electric_bike,6,9,21,559,12.49
casual,electric_bike,7,9,19,693,15.57
member,electric_bike,1,9,19,782,10.69
casual,classic_bike,2,9,16,1245,26.94
member,classic_bike,3,9,6,981,10.71
member,classic_bike,4,10,6,779,12.95
member,classic_bike,4,10,8,2210,10.96
casual,electric_bike,4,10,10,238,13.14
member,classic_bike,5,10,9,1337,11.65
member,electric_bike,5,10,14,1101,10.77
casual,classic_bike,5,10,19,524,19.4
member,electric_bike,6,10,10,698,10.02
member,electric_bike,6,10,14,1273,10.12
member,electric_bike,6,10,15,1764,10.91
member,electric_bike,7,10,15,1091,13.38
member,electric_bike,7,10,16,1106,13.65
member,classic_bike,1,10,12,1165,17.81
casual,classic_bike,1,10,13,1163,30.56
casual,electric_bike,2,10,1,65,12.31
member,classic_bike,2,10,6,590,14.87
member,classic_bike,2,10,8,1648,13.64
member,electric_bike,2,10,17,2151,10.83
member,classic_bike,2,10,20,652,13.61
member,electric_bike,3,10,8,1613,9.27
member,classic_bike,3,10,12,885,11.17
member,electric_bike,3,10,18,1382,10.17
member,classic_bike,3,10,19,1019,12.26
member,electric_bike,3,10,20,577,9.51
member,classic_bike,4,10,18,2360,14.31
member,electric_bike,4,10,19,1233,9.65
member,classic_bike,4,10,20,964,12.37
casual,electric_bike,5,10,11,406,16.35
member,electric_bike,5,10,15,1703,10.65
member,electric_bike,5,10,16,2772,11.65
casual,classic_bike,6,10,12,840,32.64
member,electric_bike,6,10,16,2363,11.57
casual,electric_bike,7,10,7,227,13.63
casual,electric_bike,1,10,2,187,13.1
casual,classic_bike,1,10,10,1056,39.88
member,electric_bike,1,10,11,836,11.88
member,classic_bike,1,10,17,1347,15.18
member,electric_bike,1,10,18,893,12.46
member,classic_bike,2,10,7,1256,13.47
member,classic_bike,2,10,11,859,12.27
member,classic_bike,2,10,18,1709,11.04
member,electric_bike,3,10,5,195,7.13
casual,classic_bike,3,10,10,259,37.39
member,classic_bike,3,10,17,2366,14.07
casual,electric_bike,4,10,14,641,12.94
member,electric_bike,4,10,17,3177,11.35
member,electric_bike,5,10,10,654,9.55
member,classic_bike,6,10,2,43,7.67
member,classic_bike,6,10,21,584,13.67
member,electric_bike,7,10,10,1020,11.8
member,electric_bike,1,10,7,222,9.0
casual,classic_bike,1,10,14,1164,34.48
member,electric_bike,2,10,22,311,9.68
member,electric_bike,3,10,11,515,9.03
member,electric_bike,4,10,0,104,9.38
member,classic_bike,4,10,7,1900,14.3
member,electric_bike,5,10,13,917,10.02
member,electric_bike,6,10,13,1226,9.96
casual,classic_bike,7,10,0,259,33.71
casual,classic_bike,7,10,12,1537,32.38
member,electric_bike,7,10,14,1133,12.82
member,electric_bike,2,10,12,666,10.08
member,electric_bike,2,10,19,757,10.2
member,electric_bike,3,10,6,705,8.07
casual,electric_bike,3,10,9,247,10.21
member,classic_bike,4,10,5,275,14.71
member,classic_bike,5,10,21,753,14.89
casual,classic_bike,6,10,17,1015,29.61
casual,electric_bike,6,10,18,1006,13.36
casual,electric_bike,6,10,20,532,11.91
member,classic_bike,7,11,6,120,10.01
member,classic_bike,7,11,11,1011,15.12
member,electric_bike,7,11,12,812,11.06
casual,electric_bike,1,11,18,267,9.47
member,electric_bike,2,11,9,481,7.39
member,electric_bike,2,11,21,297,9.18
member,electric_bike,3,11,13,569,9.12
member,electric_bike,3,11,14,543,9.71
member,electric_bike,4,11,21,352,8.72
casual,electric_bike,4,11,22,118,9.53
member,classic_bike,5,11,7,998,11.89
casual,electric_bike,5,11,13,218,11.8
member,classic_bike,5,11,18,1077,13.28
member,electric_bike,5,11,19,558,8.64
member,classic_bike,6,11,6,370,10.9
member,classic_bike,6,11,7,730,17.52
member,electric_bike,6,11,12,650,10.55
member,electric_bike,6,11,17,1218,10.93
member,classic_bike,6,11,18,960,11.87
member,electric_bike,7,11,19,460,9.76
member,classic_bike,1,11,9,513,14.21
member,electric_bike,1,11,16,733,13.52
member,classic_bike,2,11,16,1295,11.73
member,electric_bike,3,11,10,300,8.57
member,electric_bike,3,11,15,917,9.59
member,electric_bike,3,11,16,1542,10.53
casual,electric_bike,3,11,18,316,9.49
member,classic_bike,4,11,10,520,10.11
member,classic_bike,4,11,15,870,13.97
member,classic_bike,5,11,11,556,12.65
member,electric_bike,5,11,17,1435,10.74
member,classic_bike,5,11,20,474,14.64
casual,electric_bike,6,11,14,491,14.38
member,classic_bike,6,11,20,435,10.97
member,classic_bike,7,11,18,658,12.87
member,electric_bike,1,11,13,671,10.33
member,classic_bike,2,11,13,596,10.3
member,classic_bike,2,11,15,805,11.38
member,classic_bike,3,11,21,343,12.63
member,classic_bike,4,11,13,654,16.91
member,classic_bike,4,11,14,641,13.69
member,classic_bike,5,11,5,115,10.24
member,classic_bike,5,11,6,423,13.72
casual,electric_bike,5,11,16,475,10.38
member,electric_bike,5,11,22,267,8.97
member,classic_bike,6,11,11,661,10.28
member,electric_bike,6,11,23,237,10.08
member,classic_bike,7,11,8,508,12.48
casual,classic_bike,7,11,21,185,20.57
member,electric_bike,1,11,10,569,9.54
casual,electric_bike,2,11,17,389,8.94
member,electric_bike,4,11,9,587,8.24
member,classic_bike,6,11,5,116,12.08
casual,electric_bike,7,11,1,253,10.5
member,classic_bike,7,11,5,55,16.55
member,classic_bike,3,12,13,424,10.47
member,electric_bike,4,12,16,797,10.01
member,classic_bike,7,12,12,357,10.99
member,electric_bike,7,12,20,107,8.94
member,classic_bike,3,12,16,784,28.86
member,electric_bike,4,12,15,551,9.36
member,electric_bike,5,12,8,562,8.52
member,classic_bike,5,12,17,627,14.05
member,classic_bike,5,12,23,57,18.96
member,classic_bike,6,12,12,312,10.86
member,electric_bike,6,12,18,396,10.76
member,electric_bike,7,12,6,57,8.39
member,electric_bike,7,12,8,138,7.99
member,classic_bike,7,12,22,87,10.39
casual,classic_bike,6,12,10,41,11.98
member,classic_bike,6,12,17,475,16.25
casual,classic_bike,7,12,3,19,16.89
member,classic_bike,7,12,17,295,12.74
member,classic_bike,1,12,16,229,15.52
casual,classic_bike,3,12,11,74,22.74
member,electric_bike,5,1,14,428,7.93
member,classic_bike,2,1,8,513,9.94
member,classic_bike,2,1,18,410,9.34
member,electric_bike,2,1,19,228,7.43
member,electric_bike,3,1,6,300,7.59
member,electric_bike,3,1,8,606,8.13
member,classic_bike,3,1,19,350,15.46
casual,electric_bike,3,1,21,27,7.85
member,classic_bike,4,1,7,589,15.45
member,electric_bike,6,1,13,327,8.83
member,electric_bike,7,1,16,310,9.98
member,electric_bike,1,1,11,207,8.82
member,electric_bike,1,1,18,182,9.94
member,electric_bike,3,1,11,163,11.13
casual,classic_bike,4,1,9,50,19.0
casual,electric_bike,4,1,16,206,8.5
casual,electric_bike,5,1,6,67,5.07
member,electric_bike,6,1,16,716,9.36
member,classic_bike,7,1,9,293,9.75
member,electric_bike,7,1,14,329,8.59
member,electric_bike,7,1,15,331,9.09
member,classic_bike,1,1,19,141,17.94
member,classic_bike,2,1,6,239,9.12
casual,electric_bike,2,1,16,120,8.88
casual,electric_bike,5,1,8,155,7.32
member,electric_bike,5,1,16,1071,8.99
casual,electric_bike,1,1,2,15,8.27
casual,classic_bike,2,1,4,4,3.5
casual,electric_bike,2,1,10,34,6.68
casual,electric_bike,3,1,9,54,5.96
member,electric_bike,4,1,0,63,9.16
member,classic_bike,4,1,20,292,10.01
member,electric_bike,4,1,22,128,7.2
casual,electric_bike,5,1,7,141,6.49
member,classic_bike,6,1,2,9,12.0
member,classic_bike,7,2,10,364,10.05
casual,electric_bike,7,2,19,60,11.25
member,electric_bike,7,2,21,117,7.91
casual,electric_bike,1,2,10,98,9.03
member,classic_bike,1,2,18,280,10.25
member,electric_bike,2,2,8,691,7.83
member,classic_bike,2,2,17,864,11.88
member,electric_bike,2,2,18,548,7.95
member,electric_bike,3,2,19,345,7.36
member,electric_bike,4,2,6,380,6.84
member,classic_bike,4,2,19,329,10.28
casual,classic_bike,5,2,6,14,8.36
member,electric_bike,5,2,21,189,7.47
casual,classic_bike,6,2,6,6,4.83
member,electric_bike,6,2,9,358,7.11
casual,electric_bike,6,2,12,116,10.16
casual,electric_bike,6,2,17,238,9.54
member,classic_bike,7,2,14,350,10.81
member,electric_bike,2,2,5,98,5.17
member,electric_bike,2,2,6,316,7.15
casual,classic_bike,2,2,10,38,15.87
casual,electric_bike,3,2,10,63,10.32
member,classic_bike,3,2,11,349,9.44
casual,electric_bike,3,2,15,145,10.3
member,electric_bike,3,2,23,67,7.97
member,electric_bike,4,2,8,792,7.85
member,classic_bike,4,2,22,66,9.45
casual,electric_bike,5,2,22,48,10.88
member,classic_bike,7,2,1,39,10.26
member,electric_bike,1,2,12,276,8.3
member,classic_bike,3,2,7,700,11.2
casual,electric_bike,3,2,16,211,8.9
casual,classic_bike,4,2,10,32,10.56
member,electric_bike,4,2,20,169,7.75
casual,electric_bike,6,2,22,55,12.09
member,electric_bike,7,3,14,696,12.35
casual,electric_bike,1,3,2,32,6.0
member,electric_bike,1,3,11,476,10.7
member,electric_bike,1,3,18,404,10.31
casual,electric_bike,2,3,3,10,5.4
casual,electric_bike,2,3,14,283,14.66
member,classic_bike,3,3,23,65,11.82
member,electric_bike,4,3,19,383,8.76
member,electric_bike,4,3,22,142,7.49
member,electric_bike,5,3,14,449,8.71
casual,electric_bike,6,3,7,150,8.17
member,electric_bike,7,3,3,35,12.4
casual,classic_bike,1,3,1,69,11.38
member,electric_bike,2,3,17,1749,10.22
member,electric_bike,2,3,23,104,11.62
member,electric_bike,3,3,7,965,8.3
member,classic_bike,3,3,19,642,10.37
member,classic_bike,4,3,7,913,10.57
member,classic_bike,4,3,18,655,11.43
casual,electric_bike,5,3,7,129,8.14
casual,electric_bike,5,3,8,203,7.05
member,electric_bike,5,3,16,1174,9.94
member,electric_bike,6,3,10,395,9.34
member,electric_bike,6,3,16,1117,11.47
casual,electric_bike,6,3,18,575,15.19
casual,electric_bike,6,3,20,256,16.21
casual,classic_bike,7,3,19,329,20.09
member,classic_bike,1,3,0,99,19.39
member,electric_bike,5,3,10,278,8.95
casual,electric_bike,5,3,18,287,11.3
member,electric_bike,6,3,15,821,11.17
casual,classic_bike,7,3,0,156,27.04
casual,electric_bike,2,3,13,217,14.23
member,electric_bike,2,3,22,200,9.06
casual,electric_bike,3,3,9,131,7.67
member,electric_bike,3,3,20,234,8.03
casual,classic_bike,4,3,21,67,11.9
member,classic_bike,6,3,9,579,10.85
casual,electric_bike,6,3,11,226,19.26
casual,electric_bike,7,3,5,13,7.62
member,electric_bike,7,3,13,669,10.44
member,electric_bike,1,3,6,83,8.25
member,classic_bike,3,4,20,682,13.14
member,electric_bike,3,4,22,255,8.78
member,electric_bike,4,4,20,391,9.03
member,classic_bike,5,4,15,888,10.75
casual,electric_bike,5,4,17,514,11.05
casual,electric_bike,6,4,0,79,9.84
casual,classic_bike,6,4,11,354,33.22
member,classic_bike,6,4,13,661,13.66
member,classic_bike,6,4,14,720,12.71
casual,electric_bike,7,4,0,102,7.81
casual,electric_bike,7,4,22,166,12.99
member,classic_bike,1,4,6,70,11.74
member,classic_bike,1,4,8,358,11.84
casual,electric_bike,1,4,16,440,16.83
member,electric_bike,2,4,5,173,6.38
member,electric_bike,2,4,6,595,8.8
member,electric_bike,2,4,18,1027,10.51
member,electric_bike,2,4,20,413,9.41
member,electric_bike,3,4,19,750,9.69
member,electric_bike,3,4,23,129,9.25
member,classic_bike,4,4,12,710,9.96
member,classic_bike,5,4,1,23,10.39
casual,electric_bike,6,4,12,341,14.28
casual,electric_bike,6,4,17,561,13.47
casual,electric_bike,6,4,22,148,12.24
member,classic_bike,7,4,3,33,9.97
member,electric_bike,7,4,9,399,8.37
casual,classic_bike,2,4,1,21,75.76
casual,electric_bike,2,4,2,27,6.11
member,electric_bike,2,4,7,1085,8.68
casual,electric_bike,3,4,13,288,13.52
member,classic_bike,6,4,10,572,10.8
member,electric_bike,7,4,21,265,10.22
member,electric_bike,1,4,23,69,8.22
casual,electric_bike,4,4,9,186,8.93
casual,electric_bike,6,4,19,303,11.94
casual,classic_bike,7,4,7,69,21.77
casual,classic_bike,1,4,9,266,28.97
member,electric_bike,1,4,17,539,12.23
casual,classic_bike,2,4,13,297,32.47
member,classic_bike,2,4,22,204,11.19
member,classic_bike,5,5,8,1734,11.87
member,electric_bike,5,5,17,2189,11.1
casual,classic_bike,5,5,21,287,24.47
member,electric_bike,6,5,23,315,10.84
member,classic_bike,7,5,6,153,11.73
member,classic_bike,7,5,7,443,13.8
casual,electric_bike,1,5,18,518,16.51
casual,electric_bike,1,5,20,252,13.59
member,electric_bike,2,5,9,471,9.14
casual,classic_bike,2,5,20,225,29.49
member,classic_bike,3,5,2,13,11.46
casual,electric_bike,3,5,8,311,9.49
casual,electric_bike,3,5,18,505,12.26
casual,classic_bike,3,5,19,567,26.59
casual,electric_bike,4,5,17,733,12.93
member,classic_bike,5,5,18,1944,13.45
member,electric_bike,5,5,19,882,9.47
member,electric_bike,5,5,23,234,9.19
member,electric_bike,7,5,0,238,8.98
casual,electric_bike,1,5,7,117,27.56
casual,electric_bike,1,5,11,486,18.87
casual,classic_bike,2,5,6,63,16.87
member,electric_bike,2,5,21,318,9.47
member,classic_bike,3,5,9,818,10.89
member,electric_bike,3,5,10,372,9.3
casual,classic_bike,3,5,22,160,28.21
member,classic_bike,5,5,5,220,11.7
member,classic_bike,5,5,11,870,11.0
member,classic_bike,6,5,5,247,14.34
member,electric_bike,7,5,17,935,11.82
member,electric_bike,1,5,1,128,8.26
member,electric_bike,1,5,3,41,9.32
casual,electric_bike,4,5,0,82,12.13
member,classic_bike,6,5,20,687,11.12
member,electric_bike,6,5,22,386,10.11
casual,electric_bike,7,5,1,184,10.32
member,classic_bike,7,5,5,73,19.3
casual,classic_bike,7,5,21,387,22.59
casual,classic_bike,1,5,0,262,26.28
casual,electric_bike,2,5,0,97,10.2
casual,electric_bike,2,5,19,356,15.34
casual,electric_bike,3,5,7,305,7.64
casual,classic_bike,3,5,12,350,30.29
casual,classic_bike,3,5,17,797,28.4
casual,electric_bike,5,5,13,439,18.82
casual,electric_bike,6,5,1,106,15.09
casual,electric_bike,7,5,15,1107,19.09
casual,electric_bike,1,6,11,1078,20.6
member,electric_bike,1,6,13,1016,13.23
member,electric_bike,1,6,14,1110,12.34
member,electric_bike,1,6,16,946,12.23
casual,classic_bike,2,6,8,528,20.86
casual,electric_bike,3,6,11,322,16.74
member,electric_bike,3,6,15,1049,11.17
member,electric_bike,3,6,16,1939,11.89
member,classic_bike,4,6,13,722,11.32
member,classic_bike,4,6,15,808,12.99
member,electric_bike,5,6,17,1902,12.19
member,electric_bike,5,6,23,246,9.61
casual,electric_bike,6,6,15,905,16.11
casual,electric_bike,6,6,16,1145,16.42
member,electric_bike,7,6,12,928,12.33
casual,electric_bike,7,6,16,1349,19.32
member,electric_bike,7,6,17,885,12.99
member,classic_bike,7,6,20,731,14.63
casual,electric_bike,1,6,7,210,17.62
member,electric_bike,1,6,10,899,11.76
member,electric_bike,2,6,9,685,9.51
casual,classic_bike,4,6,7,219,13.96
member,electric_bike,4,6,9,597,10.05
member,electric_bike,4,6,21,511,11.41
member,classic_bike,5,6,20,1018,14.29
casual,electric_bike,6,6,10,420,18.87
casual,electric_bike,6,6,14,713,17.9
member,electric_bike,6,6,23,371,11.02
member,electric_bike,7,6,0,261,10.12
casual,electric_bike,7,6,1,313,13.9
casual,classic_bike,1,6,22,365,27.25
casual,electric_bike,2,6,12,570,18.21
member,electric_bike,3,6,13,634,9.67
casual,classic_bike,3,6,17,1389,25.66
casual,classic_bike,4,6,8,374,25.35
casual,electric_bike,4,6,17,914,14.58
casual,electric_bike,4,6,23,207,13.11
member,classic_bike,5,6,6,664,10.99
casual,electric_bike,5,6,10,387,19.09
casual,classic_bike,6,6,9,489,26.53
casual,electric_bike,7,6,10,926,21.47
member,electric_bike,7,6,19,681,12.37
member,electric_bike,1,6,3,63,11.62
casual,electric_bike,1,6,20,644,17.39
casual,classic_bike,2,6,6,156,23.12
member,electric_bike,3,6,10,435,10.09
casual,classic_bike,3,6,22,322,22.23
member,classic_bike,7,6,5,100,16.31
member,electric_bike,1,6,1,162,9.9
member,electric_bike,2,6,4,51,9.75
casual,electric_bike,3,7,8,682,10.94
member,electric_bike,3,7,10,616,10.27
casual,electric_bike,3,7,11,516,18.1
member,electric_bike,3,7,15,1456,11.32
casual,electric_bike,4,7,0,174,12.29
casual,electric_bike,4,7,17,1544,13.9
casual,electric_bike,6,7,13,792,18.96
casual,electric_bike,6,7,15,1074,18.62
casual,electric_bike,7,7,1,321,16.0
member,classic_bike,7,7,7,418,18.13
casual,electric_bike,7,7,10,832,20.54
member,electric_bike,7,7,22,532,14.0
member,electric_bike,1,7,14,892,12.67
casual,classic_bike,1,7,19,962,30.3
casual,electric_bike,2,7,0,201,12.93
member,electric_bike,2,7,9,733,10.25
member,classic_bike,2,7,13,858,12.35
member,classic_bike,2,7,15,1090,15.65
member,electric_bike,3,7,1,63,19.27
casual,electric_bike,3,7,20,735,14.72
casual,classic_bike,3,7,22,402,28.41
member,classic_bike,5,7,6,904,13.92
member,classic_bike,5,7,11,1096,12.56
casual,electric_bike,5,7,16,1371,15.75
casual,classic_bike,6,7,9,443,42.02
casual,classic_bike,7,7,2,153,25.85
member,classic_bike,7,7,20,790,17.58
member,classic_bike,1,7,2,104,18.54
member,electric_bike,1,7,10,703,10.49
member,electric_bike,1,7,16,890,12.9
casual,classic_bike,1,7,23,207,27.91
member,classic_bike,2,7,10,714,12.91
casual,classic_bike,2,7,18,1211,25.47
casual,classic_bike,4,7,5,100,15.97
member,electric_bike,5,7,22,528,11.05
member,electric_bike,6,7,0,128,11.39
member,classic_bike,6,7,6,426,20.79
member,classic_bike,7,7,5,101,18.6
casual,electric_bike,4,7,23,317,12.19
casual,electric_bike,1,7,8,269,15.55
casual,classic_bike,1,7,17,1191,28.52
casual,classic_bike,2,7,8,327,19.24
casual,electric_bike,3,7,7,567,9.47
casual,electric_bike,5,7,1,105,13.42
member,electric_bike,5,7,23,305,12.83
member,classic_bike,7,8,8,1056,13.62
casual,electric_bike,7,8,10,1290,20.48
member,classic_bike,7,8,20,803,14.89
casual,classic_bike,1,8,23,401,34.38
casual,classic_bike,4,8,5,72,25.57
member,classic_bike,4,8,14,950,12.96
casual,electric_bike,5,8,14,751,16.83
member,electric_bike,5,8,17,2373,12.39
casual,electric_bike,6,8,3,62,14.15
casual,electric_bike,6,8,15,1535,17.31
casual,electric_bike,6,8,16,1800,17.26
member,classic_bike,6,8,20,1223,13.7
casual,classic_bike,6,8,21,666,23.91
casual,electric_bike,7,8,16,1873,18.97
casual,classic_bike,2,8,6,135,18.67
member,electric_bike,2,8,9,616,9.75
member,classic_bike,2,8,16,1961,13.01
casual,electric_bike,2,8,19,489,15.08
casual,classic_bike,2,8,20,385,32.05
casual,electric_bike,4,8,12,505,17.97
member,electric_bike,4,8,21,646,12.78
member,classic_bike,5,8,5,202,12.54
casual,electric_bike,5,8,13,644,19.61
casual,electric_bike,5,8,15,921,16.63
member,classic_bike,5,8,20,1079,14.2
casual,classic_bike,6,8,9,571,32.28
casual,electric_bike,6,8,10,612,18.37
casual,electric_bike,7,8,14,1753,20.52
member,electric_bike,1,8,14,1226,14.64
member,electric_bike,1,8,15,1323,13.56
member,classic_bike,2,8,1,45,16.71
member,classic_bike,3,8,2,17,14.65
casual,electric_bike,3,8,7,414,9.64
casual,electric_bike,3,8,20,431,12.56
casual,classic_bike,3,8,23,135,22.45
casual,classic_bike,4,8,8,443,21.76
casual,electric_bike,4,8,17,1368,14.79
casual,classic_bike,5,8,2,32,20.91
casual,classic_bike,5,8,9,395,28.86
casual,electric_bike,6,8,1,162,12.44
casual,classic_bike,7,8,9,1149,35.04
casual,classic_bike,2,8,8,361,22.98
member,classic_bike,2,8,10,652,12.68
member,electric_bike,3,8,10,469,10.57
casual,electric_bike,7,8,3,124,13.37
member,classic_bike,7,8,5,141,16.79
casual,classic_bike,1,8,0,564,21.45
casual,classic_bike,2,9,10,718,37.72
member,electric_bike,2,9,11,747,11.78
casual,classic_bike,2,9,14,1107,31.61
member,electric_bike,2,9,18,1978,11.35
casual,electric_bike,3,9,10,314,16.05
member,classic_bike,3,9,11,1087,11.93
casual,classic_bike,3,9,21,415,21.62
member,electric_bike,4,9,5,229,8.0
member,electric_bike,4,9,6,870,9.85
casual,classic_bike,4,9,14,432,28.06
member,classic_bike,4,9,22,420,12.11
casual,electric_bike,5,9,0,145,10.99
casual,electric_bike,5,9,12,498,17.0
casual,classic_bike,5,9,20,394,25.05
member,classic_bike,6,9,10,806,12.53
casual,electric_bike,6,9,17,1436,14.49
casual,classic_bike,7,9,8,301,33.29
member,classic_bike,7,9,14,1398,14.2
member,electric_bike,7,9,21,506,12.39
casual,electric_bike,7,9,22,542,15.28
casual,electric_bike,1,9,1,311,14.12
member,electric_bike,1,9,23,148,10.11
member,electric_bike,2,9,5,220,7.47
member,electric_bike,3,9,0,104,9.58
casual,electric_bike,4,9,21,475,13.95
member,electric_bike,5,9,9,808,9.95
casual,electric_bike,5,9,17,1362,12.87
casual,electric_bike,6,9,0,193,12.11
casual,electric_bike,6,9,19,842,13.47
casual,electric_bike,7,9,12,1352,21.45
member,electric_bike,1,9,0,284,10.71
member,classic_bike,1,9,6,158,15.31
casual,electric_bike,1,9,15,1133,18.19
member,electric_bike,1,9,22,281,13.17
member,electric_bike,2,9,7,1528,9.87
member,electric_bike,2,9,8,1684,9.67
member,electric_bike,3,9,12,942,10.75
casual,electric_bike,3,9,16,1325,13.54
member,classic_bike,4,9,0,74,18.01
member,classic_bike,4,9,23,189,13.03
casual,classic_bike,5,9,8,353,16.49
member,classic_bike,6,9,14,1134,12.47
casual,electric_bike,6,9,22,520,15.35
casual,electric_bike,6,9,23,488,14.08
casual,electric_bike,7,9,0,442,11.49
member,classic_bike,7,9,1,146,19.32
casual,electric_bike,1,9,10,829,20.11
casual,electric_bike,4,9,9,311,11.76
member,electric_bike,6,9,9,904,8.9
casual,electric_bike,1,9,13,1043,19.87
casual,classic_bike,1,9,21,245,23.43
member,electric_bike,3,9,23,217,10.96
member,classic_bike,4,10,11,957,10.19
casual,electric_bike,4,10,13,516,13.61
casual,electric_bike,5,10,7,576,7.72
casual,electric_bike,6,10,11,655,20.06
casual,classic_bike,6,10,19,591,23.24
casual,classic_bike,6,10,23,321,30.02
member,electric_bike,7,10,1,178,11.42
member,classic_bike,7,10,2,83,10.66
member,classic_bike,7,10,9,987,15.65
member,classic_bike,7,10,21,379,13.84
member,classic_bike,1,10,0,238,13.32
casual,classic_bike,1,10,16,1058,31.39
member,classic_bike,1,10,19,667,12.71
member,classic_bike,1,10,22,228,13.69
member,classic_bike,1,10,23,135,17.77
member,classic_bike,2,10,5,204,14.17
casual,classic_bike,3,10,14,375,32.64
casual,classic_bike,3,10,16,481,18.08
member,electric_bike,4,10,12,888,9.73
casual,electric_bike,4,10,16,1085,11.65
casual,electric_bike,5,10,6,268,7.48
casual,electric_bike,5,10,18,1040,11.69
casual,electric_bike,6,10,7,440,9.41
casual,electric_bike,6,10,8,555,10.48
member,classic_bike,6,10,9,1065,11.62
casual,electric_bike,7,10,6,98,10.99
casual,electric_bike,7,10,20,391,11.7
member,electric_bike,1,10,5,70,8.99
member,electric_bike,1,10,6,125,10.44
casual,electric_bike,1,10,9,482,22.07
member,electric_bike,2,10,0,62,9.0
casual,classic_bike,3,10,3,5,12.8
member,electric_bike,6,10,3,21,10.24
casual,electric_bike,6,10,6,221,8.67
casual,electric_bike,7,10,8,368,13.61
casual,electric_bike,7,10,11,1184,17.94
member,electric_bike,7,10,13,1052,12.59
casual,electric_bike,2,10,10,314,16.1
casual,electric_bike,2,10,14,530,19.54
member,electric_bike,3,10,7,1455,9.12
casual,electric_bike,3,10,21,213,10.11
casual,electric_bike,4,10,15,796,12.28
casual,electric_bike,5,10,5,66,5.71
member,electric_bike,1,10,8,348,11.17
casual,electric_bike,2,10,13,448,15.98
member,electric_bike,2,10,23,124,8.81
casual,electric_bike,3,10,4,30,7.67
member,classic_bike,5,10,2,17,11.18
casual,electric_bike,5,10,20,495,10.49
casual,classic_bike,6,10,0,150,27.73
casual,classic_bike,7,11,2,180,19.8
casual,electric_bike,7,11,14,712,17.29
member,electric_bike,7,11,23,228,9.89
casual,electric_bike,1,11,7,77,9.09
casual,classic_bike,1,11,22,54,28.09
member,classic_bike,2,11,14,592,10.79
casual,electric_bike,2,11,22,91,9.66
casual,electric_bike,3,11,8,309,7.66
casual,electric_bike,3,11,20,171,8.83
casual,classic_bike,3,11,22,53,19.23
casual,classic_bike,4,11,8,147,16.63
member,classic_bike,4,11,16,1310,15.18
member,classic_bike,5,11,8,1211,13.91
casual,electric_bike,5,11,10,135,8.56
member,electric_bike,5,11,12,489,10.32
casual,electric_bike,6,11,16,607,12.19
member,electric_bike,7,11,17,655,13.4
casual,electric_bike,1,11,11,497,15.17
member,classic_bike,1,11,21,218,14.84
casual,electric_bike,3,11,7,220,6.35
member,classic_bike,3,11,9,652,13.23
casual,electric_bike,4,11,17,477,9.59
member,classic_bike,6,11,8,858,14.04
member,electric_bike,7,11,0,281,9.77
member,classic_bike,7,11,7,264,10.31
casual,classic_bike,7,11,9,297,22.64
casual,electric_bike,7,11,10,462,14.67
member,electric_bike,1,11,1,134,8.42
member,electric_bike,1,11,14,574,11.25
member,electric_bike,1,11,15,731,10.96
casual,electric_bike,1,11,20,126,9.97
member,classic_bike,2,11,10,433,10.25
casual,classic_bike,2,11,18,143,15.26
casual,classic_bike,5,11,9,154,30.01
casual,electric_bike,6,11,10,207,15.65
member,classic_bike,7,11,20,328,21.63
casual,electric_bike,2,11,0,37,8.27
casual,electric_bike,3,11,6,103,6.92
casual,electric_bike,3,11,11,182,10.31
casual,electric_bike,5,11,1,64,7.25
casual,electric_bike,5,11,15,346,11.05
casual,electric_bike,7,11,13,614,15.8
member,electric_bike,2,12,10,185,8.69
member,electric_bike,2,12,13,294,7.98
member,electric_bike,3,12,9,384,7.69
casual,electric_bike,4,12,20,66,6.73
casual,classic_bike,5,12,16,71,21.14
member,classic_bike,5,12,19,274,10.27
member,electric_bike,6,12,7,355,7.72
member,classic_bike,1,12,14,202,10.27
member,electric_bike,2,12,14,326,9.0
member,electric_bike,2,12,16,703,9.51
member,classic_bike,2,12,21,141,9.48
casual,classic_bike,3,12,7,23,8.43
member,classic_bike,3,12,14,421,21.52
member,classic_bike,3,12,15,607,26.84
member,electric_bike,3,12,21,143,8.5
casual,electric_bike,4,12,7,112,7.15
member,classic_bike,4,12,9,411,10.5
member,electric_bike,4,12,13,371,9.17
member,electric_bike,5,12,7,447,7.98
casual,classic_bike,5,12,13,52,16.63
member,electric_bike,5,12,18,393,9.08
member,classic_bike,5,12,22,103,18.56
member,electric_bike,6,12,8,371,7.87
member,electric_bike,6,12,11,265,10.11
casual,classic_bike,6,12,16,102,15.55
casual,classic_bike,7,12,10,85,21.47
member,classic_bike,1,12,15,232,9.75
member,classic_bike,3,12,1,8,3.5
member,classic_bike,3,12,10,322,10.36
casual,electric_bike,3,12,12,110,10.85
casual,electric_bike,3,12,23,73,11.89
casual,electric_bike,4,12,18,109,8.93
casual,electric_bike,5,12,9,67,7.28
member,electric_bike,5,12,11,213,12.52
member,classic_bike,5,12,12,339,11.34
casual,electric_bike,6,12,9,65,8.97
member,electric_bike,6,12,20,124,8.62
member,electric_bike,7,12,18,234,11.65
casual,classic_bike,6,12,1,8,5.25
member,electric_bike,6,12,6,195,7.72
member,electric_bike,1,12,2,30,8.2
member,classic_bike,2,12,9,316,14.24
member,electric_bike,2,12,15,473,9.05
member,electric_bike,4,12,10,263,9.35
casual,electric_bike,4,1,1,89,12.0
casual,classic_bike,5,1,12,96,22.53
member,classic_bike,1,1,17,228,11.27
member,classic_bike,2,1,20,180,9.45
member,electric_bike,3,1,7,537,8.12
member,classic_bike,3,1,23,41,29.07
casual,electric_bike,4,1,14,114,9.73
casual,electric_bike,5,1,5,22,5.0
member,electric_bike,5,1,13,397,8.43
casual,electric_bike,6,1,7,83,6.28
casual,electric_bike,7,1,20,60,8.57
member,classic_bike,7,1,21,99,19.37
member,electric_bike,2,1,0,31,6.45
member,classic_bike,2,1,5,90,8.79
casual,electric_bike,2,1,15,73,7.27
member,electric_bike,2,1,22,71,6.72
member,electric_bike,3,1,5,97,6.6
casual,classic_bike,3,1,10,33,13.12
casual,electric_bike,7,1,5,8,10.37
casual,classic_bike,7,1,12,92,23.53
member,electric_bike,1,1,7,67,5.36
casual,classic_bike,3,1,15,63,22.03
member,electric_bike,7,1,10,227,10.27
casual,classic_bike,7,1,17,83,16.0
casual,electric_bike,7,1,18,78,7.64
casual,electric_bike,1,1,9,43,8.6
casual,electric_bike,5,1,11,115,8.18
casual,electric_bike,6,1,6,50,6.54
casual,classic_bike,7,2,8,39,10.95
casual,electric_bike,1,2,15,160,11.36
member,electric_bike,1,2,19,167,9.75
member,classic_bike,1,2,20,131,7.69
member,classic_bike,3,2,5,100,10.72
casual,electric_bike,3,2,13,78,8.15
member,classic_bike,3,2,18,670,9.76
casual,electric_bike,5,2,12,88,8.48
casual,classic_bike,6,2,18,98,18.42
member,electric_bike,6,2,21,145,7.9
member,electric_bike,7,2,2,16,7.5
member,classic_bike,7,2,15,369,11.27
casual,electric_bike,7,2,17,100,11.26
casual,electric_bike,1,2,13,107,13.32
casual,electric_bike,2,2,21,60,9.22
casual,classic_bike,5,2,8,63,10.03
casual,electric_bike,5,2,19,71,7.2
member,classic_bike,6,2,14,383,13.76
casual,classic_bike,2,2,13,73,14.85
casual,classic_bike,3,2,9,52,10.52
casual,electric_bike,5,2,23,45,8.02
member,classic_bike,6,2,1,15,12.67
member,electric_bike,1,2,17,314,8.28
casual,classic_bike,2,2,14,44,21.14
casual,classic_bike,5,2,7,25,9.32
member,classic_bike,6,2,10,279,8.91
member,classic_bike,1,3,19,379,11.22
member,electric_bike,1,3,20,232,10.39
casual,electric_bike,1,3,21,81,11.32
casual,electric_bike,3,3,21,93,11.25
member,classic_bike,3,3,22,151,14.57
casual,electric_bike,5,3,11,142,10.2
casual,electric_bike,5,3,20,113,10.49
casual,electric_bike,6,3,8,185,7.49
casual,electric_bike,7,3,7,92,10.45
member,electric_bike,1,3,7,153,8.21
casual,classic_bike,1,3,16,346,30.63
member,electric_bike,2,3,0,42,7.93
member,electric_bike,4,3,23,71,8.04
member,classic_bike,5,3,21,308,9.7
casual,classic_bike,7,3,12,774,26.51
member,classic_bike,7,3,21,197,12.07
member,classic_bike,1,3,22,125,9.74
casual,classic_bike,2,3,21,125,22.35
casual,classic_bike,5,3,17,302,21.82
casual,classic_bike,6,3,22,244,28.82
casual,classic_bike,3,3,15,272,23.27
member,classic_bike,4,3,5,105,9.94
casual,classic_bike,4,3,9,125,28.7
casual,electric_bike,5,3,5,31,10.35
casual,classic_bike,1,3,14,470,33.25
casual,electric_bike,3,4,15,410,13.69
member,electric_bike,5,4,4,28,7.61
casual,classic_bike,5,4,6,59,13.49
member,electric_bike,5,4,9,620,9.39
casual,classic_bike,5,4,18,368,20.79
casual,classic_bike,6,4,8,192,17.49
casual,electric_bike,1,4,10,299,16.16
casual,classic_bike,4,4,10,174,23.56
casual,electric_bike,5,4,0,72,19.31
casual,classic_bike,6,4,6,58,13.57
casual,electric_bike,1,4,14,464,17.12
casual,classic_bike,5,4,7,125,10.54
member,classic_bike,6,4,1,39,11.38
casual,classic_bike,6,4,5,18,26.33
casual,classic_bike,7,4,8,149,20.05
member,classic_bike,2,4,23,72,12.94
casual,electric_bike,3,4,10,129,12.75
member,classic_bike,4,4,0,50,23.74
casual,electric_bike,5,4,22,136,10.57
casual,electric_bike,5,4,23,91,10.85
member,classic_bike,6,4,3,22,10.95
casual,electric_bike,6,4,23,102,8.62
casual,classic_bike,3,4,21,177,16.15
casual,electric_bike,5,5,3,22,7.45
casual,electric_bike,5,5,14,509,14.2
member,classic_bike,7,5,8,808,13.58
member,electric_bike,7,5,22,327,10.05
casual,electric_bike,2,5,17,704,14.79
casual,electric_bike,2,5,22,124,11.81
casual,classic_bike,3,5,23,101,21.54
casual,classic_bike,4,5,5,26,17.85
casual,classic_bike,1,5,17,789,28.94
casual,classic_bike,2,5,7,125,17.26
member,classic_bike,3,5,4,34,9.09
casual,electric_bike,3,5,6,140,7.55
casual,electric_bike,4,5,19,323,10.46
casual,classic_bike,1,5,23,109,16.27
member,electric_bike,5,5,0,71,9.27
member,electric_bike,4,5,21,342,10.47
casual,electric_bike,6,5,13,717,16.93
casual,electric_bike,1,6,5,64,11.88
casual,electric_bike,3,6,7,373,8.95
casual,electric_bike,3,6,8,496,10.5
casual,classic_bike,4,6,18,1009,22.16
member,electric_bike,6,6,22,490,12.5
casual,classic_bike,2,6,11,746,39.48
casual,electric_bike,2,6,19,830,15.51
member,electric_bike,4,6,2,18,7.0
casual,electric_bike,4,6,12,380,14.51
member,classic_bike,6,6,5,268,14.16
casual,electric_bike,2,6,0,183,15.91
casual,electric_bike,3,6,20,449,14.78
member,classic_bike,4,6,1,29,12.21
casual,electric_bike,4,6,19,423,14.52
casual,electric_bike,5,6,16,1187,15.83
casual,electric_bike,6,6,1,109,13.92
casual,electric_bike,6,6,3,36,11.44
casual,classic_bike,3,6,12,591,34.34
member,electric_bike,5,6,22,412,10.7
casual,classic_bike,1,6,0,549,28.47
casual,classic_bike,2,6,7,302,19.48
casual,classic_bike,5,7,2,41,23.41
member,electric_bike,6,7,22,468,11.83
casual,electric_bike,1,7,7,142,15.43
member,electric_bike,2,7,4,47,13.72
casual,classic_bike,2,7,11,556,33.82
member,classic_bike,3,7,2,25,11.8
member,electric_bike,4,7,21,721,11.72
member,classic_bike,5,7,5,314,15.72
casual,classic_bike,5,7,21,550,21.89
casual,electric_bike,6,7,14,875,21.2
member,electric_bike,6,7,19,883,12.0
member,electric_bike,7,7,0,235,11.34
member,electric_bike,7,7,23,399,12.48
member,electric_bike,1,7,1,196,11.46
casual,electric_bike,2,7,19,704,17.42
casual,classic_bike,4,7,6,200,19.88
casual,classic_bike,5,7,9,540,32.77
casual,electric_bike,7,7,3,131,16.42
member,electric_bike,1,7,3,76,10.36
casual,classic_bike,1,7,22,255,19.06
member,classic_bike,4,7,3,25,12.6
casual,classic_bike,4,7,8,537,20.88
casual,classic_bike,5,7,4,26,17.96
member,electric_bike,2,8,21,341,11.84
casual,electric_bike,3,8,5,72,8.39
casual,electric_bike,3,8,18,821,14.22
casual,classic_bike,4,8,18,1217,23.13
casual,electric_bike,4,8,23,211,13.82
casual,electric_bike,5,8,10,380,19.06
casual,electric_bike,7,8,1,429,16.3
member,classic_bike,3,8,4,43,13.58
casual,electric_bike,3,8,8,478,9.68
casual,electric_bike,3,8,11,347,21.26
casual,classic_bike,2,8,7,212,20.22
casual,classic_bike,2,8,11,586,39.26
casual,electric_bike,2,8,23,91,11.47
member,electric_bike,4,8,2,20,13.9
casual,classic_bike,5,8,21,520,24.93
member,electric_bike,6,8,0,190,11.28
member,electric_bike,1,8,1,219,10.89
member,classic_bike,1,8,4,64,18.23
casual,classic_bike,3,8,12,533,31.47
casual,classic_bike,4,8,7,310,16.09
casual,classic_bike,4,8,11,541,35.83
casual,classic_bike,4,8,20,732,23.35
casual,electric_bike,1,8,5,105,16.14
member,classic_bike,2,9,22,452,12.77
casual,electric_bike,5,9,19,670,11.53
casual,electric_bike,5,9,22,373,11.43
casual,electric_bike,7,9,23,447,14.05
member,classic_bike,1,9,20,553,12.32
casual,electric_bike,2,9,21,429,13.17
member,classic_bike,2,9,23,204,15.39
casual,electric_bike,3,9,14,693,16.03
casual,classic_bike,4,9,16,582,23.9
casual,classic_bike,5,9,6,107,14.31
casual,classic_bike,6,9,6,104,13.75
casual,classic_bike,2,9,1,111,22.68
casual,electric_bike,3,9,13,620,15.84
member,classic_bike,6,9,3,20,8.2
casual,classic_bike,2,9,3,35,12.26
member,electric_bike,7,9,2,91,10.57
casual,classic_bike,3,9,9,434,31.53
member,electric_bike,4,10,23,206,10.56
casual,electric_bike,5,10,8,604,8.99
casual,electric_bike,7,10,18,876,15.05
casual,classic_bike,7,10,23,203,23.71
casual,classic_bike,1,10,3,67,38.13
casual,electric_bike,1,10,4,80,10.5
casual,classic_bike,2,10,9,339,37.38
casual,classic_bike,5,10,12,564,32.5
casual,classic_bike,7,10,17,996,26.9
casual,classic_bike,1,10,1,136,15.38
member,electric_bike,1,10,20,448,10.29
casual,electric_bike,1,10,21,266,12.88
casual,electric_bike,2,10,16,805,13.45
member,classic_bike,3,10,0,46,10.48
casual,electric_bike,3,10,2,40,6.8
casual,classic_bike,5,10,17,969,18.21
casual,classic_bike,6,10,22,343,21.07
member,electric_bike,7,10,3,61,8.18
casual,classic_bike,7,10,19,491,20.16
member,classic_bike,3,10,22,286,14.86
member,electric_bike,4,10,22,462,10.35
casual,electric_bike,2,10,15,564,15.0
casual,classic_bike,4,10,9,260,21.87
casual,electric_bike,2,11,12,182,12.22
member,classic_bike,3,11,4,21,21.1
casual,classic_bike,4,11,5,35,16.6
casual,electric_bike,4,11,12,208,8.82
casual,classic_bike,5,11,21,104,11.45
casual,classic_bike,6,11,9,151,16.81
casual,electric_bike,6,11,15,568,13.37
member,electric_bike,6,11,19,613,10.4
casual,electric_bike,7,11,3,68,9.99
casual,electric_bike,2,11,19,194,8.57
casual,electric_bike,4,11,0,48,7.15
casual,classic_bike,4,11,18,193,13.01
casual,electric_bike,1,11,6,45,8.18
casual,classic_bike,1,11,12,482,32.06
casual,classic_bike,1,11,19,102,14.67
casual,classic_bike,2,11,7,74,10.41
casual,classic_bike,3,11,19,142,12.18
casual,classic_bike,4,11,7,83,10.49
casual,electric_bike,6,11,13,391,16.28
casual,electric_bike,1,11,5,18,6.67
member,electric_bike,4,12,1,27,17.15
member,electric_bike,7,12,11,277,10.84
member,classic_bike,7,12,23,80,12.6
member,classic_bike,1,12,10,176,10.55
casual,electric_bike,2,12,18,100,8.93
casual,classic_bike,4,12,19,47,17.28
member,classic_bike,4,12,21,193,15.91
member,electric_bike,5,12,6,218,7.22
casual,electric_bike,5,12,21,49,7.84
member,classic_bike,6,12,19,232,19.95
casual,classic_bike,7,12,14,106,17.67
casual,classic_bike,2,12,17,67,12.36
casual,electric_bike,3,12,0,26,7.65
casual,electric_bike,3,12,17,207,8.91
casual,electric_bike,3,12,19,65,8.2
casual,electric_bike,4,12,11,105,9.0
member,electric_bike,4,12,14,433,8.89
member,classic_bike,5,12,0,28,11.32
casual,electric_bike,6,12,21,72,11.71
member,classic_bike,6,12,22,105,21.12
casual,electric_bike,7,12,4,16,7.69
member,electric_bike,7,12,5,29,8.41
member,electric_bike,7,12,7,98,8.08
casual,electric_bike,1,12,0,60,8.83
member,classic_bike,1,12,13,184,10.01
casual,electric_bike,2,12,11,71,10.44
casual,electric_bike,4,12,5,29,6.38
member,classic_bike,6,12,0,40,25.8
member,classic_bike,7,12,19,212,17.87
member,classic_bike,1,12,1,36,12.17
casual,electric_bike,1,12,17,69,10.67
casual,electric_bike,2,12,5,20,7.6
casual,electric_bike,4,1,10,55,8.78
member,electric_bike,1,1,8,99,6.69
casual,classic_bike,1,1,14,60,14.8
member,classic_bike,3,1,22,75,9.64
casual,classic_bike,5,1,17,135,14.67
member,electric_bike,1,1,5,9,5.89
member,classic_bike,5,1,21,188,9.19
casual,electric_bike,6,1,11,63,7.67
casual,electric_bike,6,1,18,133,7.5
casual,classic_bike,6,1,19,55,15.2
casual,classic_bike,2,1,2,2,4.0
casual,classic_bike,3,1,13,40,20.9
member,electric_bike,4,1,23,60,9.75
casual,electric_bike,6,1,5,22,5.77
casual,classic_bike,1,1,13,55,20.0
member,classic_bike,1,1,23,36,12.89
member,classic_bike,4,1,6,301,9.62
casual,electric_bike,4,1,13,89,10.52
casual,classic_bike,6,1,23,34,11.18
member,classic_bike,2,2,22,93,8.8
member,electric_bike,3,2,0,21,6.57
casual,electric_bike,4,2,9,79,5.85
casual,classic_bike,4,2,16,77,13.84
casual,electric_bike,7,2,12,86,11.36
member,electric_bike,1,2,0,70,7.09
casual,classic_bike,6,2,20,28,10.25
casual,electric_bike,7,2,23,52,11.19
member,classic_bike,1,2,5,16,13.81
casual,electric_bike,1,2,14,143,11.04
member,classic_bike,4,2,0,20,7.55
casual,classic_bike,5,2,11,37,9.97
casual,classic_bike,6,2,11,78,19.81
casual,electric_bike,6,2,23,62,7.0
casual,classic_bike,1,3,10,223,22.66
casual,electric_bike,4,3,14,141,11.49
casual,classic_bike,5,3,0,26,17.88
casual,classic_bike,5,3,23,58,17.98
casual,electric_bike,7,3,6,41,8.54
casual,electric_bike,2,3,10,121,12.55
member,classic_bike,3,3,0,36,12.97
casual,classic_bike,3,3,13,152,18.7
casual,electric_bike,4,3,10,115,9.61
casual,classic_bike,6,3,17,850,33.51
casual,electric_bike,7,3,18,329,13.11
casual,classic_bike,7,3,22,134,17.91
casual,electric_bike,2,3,1,22,6.95
casual,electric_bike,4,3,15,177,11.1
casual,electric_bike,1,3,4,32,11.06
member,electric_bike,1,3,5,19,5.79
casual,classic_bike,4,4,15,261,26.85
casual,electric_bike,7,4,23,174,11.96
member,classic_bike,2,4,0,45,10.36
casual,classic_bike,4,4,14,199,43.95
casual,classic_bike,5,4,8,167,14.2
member,electric_bike,7,4,4,20,6.9
member,electric_bike,1,4,22,136,9.2
casual,classic_bike,4,4,16,386,21.29
member,classic_bike,7,4,1,69,22.55
casual,classic_bike,7,4,20,184,19.27
casual,electric_bike,2,4,21,136,13.96
casual,classic_bike,6,4,20,184,25.8
casual,electric_bike,2,4,9,152,12.91
casual,electric_bike,3,4,1,34,10.03
casual,classic_bike,5,5,9,286,22.81
casual,electric_bike,7,5,10,714,17.37
casual,classic_bike,2,5,18,625,24.65
member,electric_bike,2,5,2,30,6.33
casual,classic_bike,3,5,0,42,25.43
casual,electric_bike,3,5,11,234,16.95
casual,classic_bike,4,5,6,85,20.55
casual,classic_bike,4,5,11,269,32.15
casual,classic_bike,4,5,18,653,25.84
casual,classic_bike,6,5,9,366,29.16
casual,classic_bike,1,5,19,535,31.1
casual,classic_bike,2,5,8,238,30.06
casual,classic_bike,4,5,7,175,17.15
casual,electric_bike,4,5,22,143,14.12
casual,classic_bike,6,5,2,54,53.22
casual,classic_bike,6,5,21,355,25.92
casual,electric_bike,3,6,5,66,11.39
casual,classic_bike,5,6,9,460,27.8
casual,classic_bike,6,6,2,61,32.25
casual,classic_bike,7,6,2,224,37.07
casual,classic_bike,7,6,4,36,16.69
member,electric_bike,2,6,2,28,9.5
casual,classic_bike,3,6,0,110,27.69
member,electric_bike,3,6,1,46,12.13
member,electric_bike,5,6,0,75,12.28
casual,classic_bike,6,6,4,34,12.76
casual,electric_bike,7,6,3,93,12.97
casual,electric_bike,1,6,6,125,11.71
casual,electric_bike,2,6,23,187,14.44
casual,classic_bike,4,6,6,119,18.97
member,classic_bike,1,6,4,74,11.61
casual,classic_bike,4,7,7,404,16.5
casual,classic_bike,7,7,4,35,71.69
casual,electric_bike,1,7,6,119,11.97
casual,classic_bike,2,7,7,226,15.21
member,electric_bike,4,7,4,56,9.68
casual,electric_bike,2,7,23,185,14.88
casual,electric_bike,3,7,6,339,9.12
member,electric_bike,4,7,2,30,13.0
casual,electric_bike,4,7,22,472,14.28
casual,electric_bike,2,8,0,180,15.65
casual,classic_bike,2,8,5,62,26.31
casual,classic_bike,3,8,22,279,18.09
casual,electric_bike,5,8,3,30,11.4
member,electric_bike,2,8,4,40,8.33
casual,classic_bike,4,8,6,152,16.47
casual,electric_bike,5,8,1,90,17.67
casual,classic_bike,5,8,4,17,12.41
casual,classic_bike,3,9,2,37,21.05
casual,classic_bike,7,9,6,95,27.94
casual,classic_bike,7,9,11,1228,32.18
casual,classic_bike,3,9,4,14,10.36
casual,electric_bike,4,9,2,39,8.31
casual,electric_bike,5,9,23,214,12.71
casual,classic_bike,4,9,13,420,30.58
casual,classic_bike,6,9,8,316,25.9
member,electric_bike,6,9,4,38,8.37
member,electric_bike,6,10,1,74,10.76
casual,classic_bike,7,10,22,284,24.39
casual,classic_bike,1,10,15,1227,31.74
casual,classic_bike,3,10,13,327,25.89
casual,classic_bike,2,10,21,194,13.68
casual,classic_bike,4,10,21,268,19.03
casual,classic_bike,5,10,0,66,11.67
casual,classic_bike,3,10,15,390,27.51
casual,electric_bike,7,11,16,583,14.11
casual,classic_bike,2,11,8,130,17.76
casual,classic_bike,3,11,17,238,17.41
casual,classic_bike,4,11,11,131,17.42
casual,electric_bike,4,11,19,237,8.21
casual,electric_bike,5,11,14,259,12.54
member,electric_bike,5,11,23,153,9.37
member,electric_bike,6,11,0,100,8.6
casual,classic_bike,1,11,0,153,20.05
casual,electric_bike,1,11,8,116,11.27
casual,classic_bike,4,11,20,120,14.05
member,electric_bike,6,11,22,259,10.89
member,electric_bike,5,11,0,65,8.74
member,electric_bike,5,12,5,86,7.22
casual,classic_bike,5,12,14,61,18.64
member,electric_bike,5,12,20,184,9.13
member,classic_bike,6,12,23,76,11.38
casual,electric_bike,1,12,12,45,9.64
member,classic_bike,4,12,2,8,9.38
casual,electric_bike,4,12,6,52,5.12
casual,classic_bike,6,12,3,7,6.14
casual,classic_bike,6,12,14,85,14.35
casual,electric_bike,7,12,9,61,9.59
casual,electric_bike,7,12,21,51,9.04
casual,classic_bike,1,12,8,13,10.69
member,electric_bike,6,12,5,61,5.23
member,electric_bike,1,12,9,63,7.33
member,electric_bike,1,12,21,75,10.05
casual,classic_bike,3,12,8,49,14.24
casual,electric_bike,3,12,22,37,10.22
casual,classic_bike,7,12,15,115,20.46
casual,electric_bike,1,12,19,36,6.75
casual,electric_bike,4,12,8,96,7.81
casual,electric_bike,2,1,14,74,10.09
casual,classic_bike,5,1,22,17,9.65
member,classic_bike,3,1,0,11,11.55
casual,classic_bike,5,1,19,45,12.49
casual,classic_bike,6,1,17,99,18.93
casual,electric_bike,6,1,20,63,6.79
casual,electric_bike,7,1,8,66,6.8
casual,classic_bike,3,1,16,80,14.96
casual,classic_bike,6,1,12,53,23.66
casual,classic_bike,7,2,11,74,41.77
casual,classic_bike,5,2,18,75,13.97
casual,classic_bike,7,2,5,3,13.67
casual,classic_bike,1,2,9,55,21.42
member,electric_bike,1,2,23,49,8.27
casual,electric_bike,3,2,14,98,12.87
casual,classic_bike,4,2,13,48,15.63
member,electric_bike,5,2,4,21,8.62
casual,classic_bike,1,3,15,312,30.65
member,classic_bike,2,3,5,129,10.53
casual,classic_bike,2,3,9,113,21.5
casual,classic_bike,5,3,19,189,21.24
member,electric_bike,6,3,1,37,9.57
casual,classic_bike,3,3,1,14,12.07
casual,classic_bike,3,3,16,324,28.21
casual,classic_bike,5,3,22,86,13.26
casual,classic_bike,6,3,12,461,34.99
casual,classic_bike,7,3,23,83,19.25
member,electric_bike,4,3,0,43,7.35
member,classic_bike,5,3,2,13,17.08
casual,electric_bike,6,3,6,77,5.83
casual,classic_bike,6,3,23,226,19.32
casual,classic_bike,3,3,10,92,41.79
casual,electric_bike,5,4,12,278,14.53
casual,classic_bike,5,4,11,246,33.5
member,electric_bike,6,5,0,123,7.81
casual,classic_bike,1,5,22,110,16.29
casual,classic_bike,7,5,4,22,21.27
casual,electric_bike,3,5,5,58,6.57
casual,electric_bike,2,6,22,316,15.73
member,classic_bike,6,7,5,162,23.7
casual,classic_bike,2,7,6,146,30.32
casual,electric_bike,6,7,3,42,13.81
casual,classic_bike,6,7,2,73,20.53
casual,electric_bike,1,8,7,238,20.54
casual,electric_bike,1,8,6,193,20.1
casual,classic_bike,6,8,2,74,23.49
casual,electric_bike,2,9,4,65,12.92
casual,classic_bike,6,9,5,46,41.63
casual,classic_bike,7,9,20,496,34.76
casual,electric_bike,7,10,5,50,8.12
casual,electric_bike,4,10,3,20,12.9
casual,classic_bike,5,10,22,231,17.6
casual,electric_bike,6,10,5,69,10.71
casual,classic_bike,2,10,4,14,9.14
casual,electric_bike,7,11,15,657,16.83
casual,classic_bike,2,11,20,93,11.19
casual,electric_bike,2,11,23,105,11.5
casual,electric_bike,3,11,5,45,7.47
member,electric_bike,7,11,22,234,8.69
member,classic_bike,1,11,2,64,10.31
casual,classic_bike,1,11,17,218,14.67
member,electric_bike,4,11,4,36,7.72
casual,electric_bike,6,11,1,49,7.12
casual,classic_bike,6,11,21,156,15.58
casual,classic_bike,5,11,2,25,12.72
casual,electric_bike,2,12,8,88,7.93
member,electric_bike,3,12,4,20,8.15
casual,classic_bike,3,12,20,42,34.9
casual,classic_bike,2,12,19,34,23.24
casual,electric_bike,2,12,7,88,6.35
member,electric_bike,3,12,2,7,6.43
casual,classic_bike,4,12,12,76,15.03
casual,electric_bike,1,12,22,27,6.89
casual,electric_bike,2,1,13,60,6.97
casual,classic_bike,4,1,21,39,15.28
casual,classic_bike,7,1,0,15,9.8
casual,electric_bike,7,1,11,85,10.84
casual,classic_bike,5,1,23,5,4.0
casual,classic_bike,7,2,7,15,24.0
casual,classic_bike,1,2,2,19,13.63
casual,electric_bike,1,2,1,32,9.28
member,electric_bike,6,2,4,22,5.77
casual,classic_bike,6,2,7,35,10.94
casual,classic_bike,2,2,16,77,21.6
casual,classic_bike,4,2,1,6,5.83
member,classic_bike,4,2,23,26,14.42
casual,electric_bike,4,3,1,18,11.0
casual,classic_bike,7,4,5,8,62.12
casual,classic_bike,1,4,2,60,56.33
member,electric_bike,2,5,4,31,8.26
casual,classic_bike,2,5,11,494,37.57
casual,classic_bike,2,7,20,704,29.4
casual,electric_bike,3,7,5,103,9.06
member,classic_bike,1,7,4,48,13.48
member,electric_bike,3,7,3,35,19.97
casual,electric_bike,6,7,1,121,12.29
member,electric_bike,3,8,3,17,8.94
member,classic_bike,2,8,3,12,19.42
casual,classic_bike,4,9,1,28,18.0
casual,classic_bike,5,9,7,285,16.82
casual,classic_bike,1,9,4,44,16.66
casual,electric_bike,4,9,4,39,7.74
casual,classic_bike,5,9,11,400,29.52
member,classic_bike,7,9,3,37,23.81
member,classic_bike,6,9,1,51,9.88
casual,classic_bike,1,9,2,167,22.13
casual,classic_bike,7,9,7,144,23.85
member,electric_bike,5,10,1,48,11.25
member,classic_bike,6,10,4,39,12.03
casual,electric_bike,4,11,23,105,9.23
casual,classic_bike,3,11,12,157,20.56
casual,classic_bike,5,11,4,13,7.23
casual,classic_bike,6,11,4,7,17.14
casual,classic_bike,5,12,15,59,24.66
member,classic_bike,1,1,0,47,14.49
casual,electric_bike,3,1,2,7,6.43
casual,electric_bike,7,2,22,49,10.49
casual,electric_bike,1,2,3,21,7.67
casual,classic_bike,5,2,20,26,12.85
casual,classic_bike,6,3,0,45,12.11
member,classic_bike,5,3,4,15,7.47
casual,electric_bike,1,3,9,131,12.53
casual,classic_bike,2,4,10,213,33.53
casual,classic_bike,2,5,5,35,20.17
casual,electric_bike,5,5,1,37,8.14
member,classic_bike,3,6,4,50,11.6
casual,classic_bike,4,6,5,45,31.13
member,classic_bike,1,6,2,118,13.59
casual,classic_bike,3,6,23,174,48.09
member,classic_bike,3,6,2,14,12.0
casual,classic_bike,7,8,4,41,81.61
casual,classic_bike,6,8,4,28,13.89
casual,classic_bike,7,9,5,35,31.66
member,classic_bike,1,9,5,55,25.36
casual,electric_bike,3,9,3,27,8.11
member,classic_bike,7,10,4,15,31.4
member,classic_bike,3,11,2,8,3.38
casual,classic_bike,6,12,13,83,17.77
casual,classic_bike,4,12,17,94,20.05
casual,classic_bike,2,12,12,56,14.96
member,classic_bike,7,12,0,60,11.73
casual,classic_bike,6,1,22,29,15.62
casual,classic_bike,7,1,23,31,10.68
casual,electric_bike,2,2,9,66,7.21
casual,electric_bike,7,3,20,139,14.08
casual,electric_bike,6,3,5,20,6.8
member,classic_bike,4,5,1,22,13.23
casual,electric_bike,5,6,1,46,18.5
member,classic_bike,4,7,1,47,21.66
member,electric_bike,1,11,3,35,9.46
casual,classic_bike,1,11,23,27,11.85
member,electric_bike,2,11,4,27,9.44
casual,classic_bike,7,12,16,94,20.01
casual,classic_bike,3,12,18,96,24.77
casual,classic_bike,5,12,3,7,10.43
casual,classic_bike,6,12,15,85,31.34
casual,electric_bike,4,1,15,157,9.28
member,electric_bike,7,1,3,10,7.2
member,classic_bike,1,2,6,30,10.17
casual,electric_bike,7,2,0,53,7.72
casual,electric_bike,6,2,0,26,9.42
member,electric_bike,5,3,1,17,7.0
casual,classic_bike,2,6,5,69,27.57
casual,electric_bike,1,7,5,64,14.83
casual,electric_bike,4,10,1,81,11.99
casual,electric_bike,2,10,3,39,11.87
casual,electric_bike,6,12,2,19,8.63
casual,classic_bike,7,12,1,35,113.97
member,electric_bike,6,1,1,20,6.25
casual,electric_bike,6,1,8,84,7.11
casual,classic_bike,7,2,18,59,15.49
casual,electric_bike,3,2,1,8,6.63
casual,classic_bike,7,2,6,5,8.2
casual,classic_bike,4,4,3,15,13.87
casual,classic_bike,5,4,20,148,22.28
casual,classic_bike,7,5,2,111,25.38
casual,classic_bike,5,10,23,204,23.45
member,electric_bike,4,11,2,15,12.73
casual,classic_bike,2,11,11,171,31.73
member,electric_bike,3,11,1,24,18.25
casual,classic_bike,4,12,23,26,17.23
casual,electric_bike,2,12,6,34,6.15
casual,classic_bike,7,1,22,29,11.38
casual,classic_bike,1,1,16,41,18.2
casual,electric_bike,1,4,1,97,11.46
casual,electric_bike,6,5,3,27,12.85
casual,classic_bike,2,7,5,52,14.48
member,classic_bike,3,10,23,147,10.46
casual,electric_bike,1,12,23,21,9.48
casual,classic_bike,7,12,13,107,26.93
member,electric_bike,5,1,1,16,6.94
casual,electric_bike,5,1,20,58,10.1
casual,classic_bike,3,2,21,26,11.42
casual,electric_bike,4,3,13,90,11.01
member,electric_bike,6,3,3,18,10.44
member,classic_bike,2,7,1,34,9.65
casual,electric_bike,2,8,22,163,15.6
member,classic_bike,4,8,1,38,12.76
casual,classic_bike,5,12,10,47,43.74
casual,classic_bike,4,2,15,51,11.92
member,classic_bike,6,3,4,16,7.06
casual,classic_bike,6,5,4,16,13.88
casual,classic_bike,5,9,5,48,9.15
casual,classic_bike,3,10,1,15,17.07
member,electric_bike,5,10,3,14,8.64
casual,classic_bike,1,12,11,60,23.42
casual,classic_bike,4,1,2,54,17.81
casual,electric_bike,5,2,0,14,6.57
casual,classic_bike,7,2,20,26,11.15
member,classic_bike,6,3,2,11,15.27
casual,electric_bike,2,9,2,99,12.79
casual,electric_bike,1,9,3,106,11.38
casual,classic_bike,1,12,18,36,20.72
member,classic_bike,6,1,4,16,11.25
member,classic_bike,4,8,3,15,12.8
casual,classic_bike,7,4,6,26,19.88
member,classic_bike,3,7,4,60,14.03
member,classic_bike,1,5,2,43,12.47
member,classic_bike,4,6,3,13,12.38
member,classic_bike,2,6,3,15,16.6
casual,classic_bike,2,10,2,27,15.85
casual,electric_bike,4,2,21,52,7.6
casual,classic_bike,6,7,4,29,18.17
member,electric_bike,5,9,4,52,8.17
member,classic_bike,5,10,4,34,12.94
member,electric_bike,4,6,4,23,7.13
member,electric_bike,6,1,3,10,9.8
casual,classic_bike,2,2,15,61,14.84
member,electric_bike,4,5,2,12,9.25
member,electric_bike,2,7,2,31,11.52
casual,electric_bike,5,7,3,27,10.11
casual,electric_bike,2,12,20,52,7.77
member,classic_bike,2,6,1,34,16.68
casual,classic_bike,1,12,7,8,37.63
casual,classic_bike,7,1,19,50,38.4
member,electric_bike,1,1,6,35,6.34
member,classic_bike,5,1,4,14,10.64
member,classic_bike,7,3,4,21,10.62
casual,classic_bike,1,4,4,18,17.0
member,classic_bike,2,7,3,26,11.35
member,electric_bike,5,9,2,16,8.81
member,electric_bike,6,9,2,48,10.4
casual,electric_bike,7,1,7,24,5.88
casual,electric_bike,4,2,4,9,4.56
casual,electric_bike,3,3,2,18,7.06
member,electric_bike,6,4,2,25,11.96
member,electric_bike,7,4,2,49,7.98
casual,electric_bike,1,4,3,41,10.29
casual,electric_bike,1,5,5,35,11.11
member,classic_bike,4,11,3,10,10.0
member,classic_bike,4,11,1,16,71.75
member,classic_bike,1,12,3,15,10.53
casual,classic_bike,3,12,5,12,7.42
casual,electric_bike,3,3,4,30,6.2
member,classic_bike,5,4,3,13,13.15
casual,classic_bike,5,4,5,16,14.25
member,electric_bike,6,4,4,25,7.96
casual,classic_bike,2,11,6,35,28.03
member,classic_bike,2,12,4,17,9.29
member,classic_bike,2,2,0,10,8.3
casual,electric_bike,2,2,2,8,8.38
casual,classic_bike,6,2,5,13,7.85
member,classic_bike,7,2,3,13,9.15
member,electric_bike,5,4,2,14,8.86
casual,classic_bike,7,11,4,24,41.79
casual,electric_bike,7,12,2,34,13.06
casual,classic_bike,2,12,22,27,44.78
casual,classic_bike,6,1,0,12,9.92
casual,classic_bike,2,1,21,7,7.43
casual,classic_bike,4,3,2,4,16.0
casual,classic_bike,3,4,4,9,20.0
member,classic_bike,4,5,3,11,9.73
casual,electric_bike,5,6,3,17,8.88
member,classic_bike,5,9,1,39,22.82
casual,classic_bike,3,11,23,35,12.4
casual,classic_bike,1,12,5,2,6.0
casual,classic_bike,1,1,10,33,13.12
casual,electric_bike,4,1,3,10,5.5
casual,classic_bike,3,2,4,10,7.9
casual,electric_bike,5,11,3,24,10.75
casual,electric_bike,7,1,6,13,9.38
casual,classic_bike,4,4,1,25,11.6
casual,classic_bike,4,10,2,27,36.37
casual,classic_bike,4,11,6,37,15.27
member,classic_bike,2,11,1,19,12.42
casual,classic_bike,1,2,4,7,109.29
member,electric_bike,4,5,4,28,6.96
member,classic_bike,2,5,1,25,8.0
member,classic_bike,5,9,3,12,10.5
member,electric_bike,7,9,4,21,10.86
member,classic_bike,1,11,4,13,19.38
casual,classic_bike,5,6,2,20,22.65
member,electric_bike,2,8,2,25,10.08
casual,classic_bike,3,11,0,32,26.13
casual,classic_bike,1,1,1,16,16.94
casual,classic_bike,2,1,9,25,12.0
casual,electric_bike,1,1,21,16,6.44
member,classic_bike,2,12,2,8,8.5
member,electric_bike,5,1,3,9,8.33
casual,classic_bike,1,2,21,25,52.08
casual,classic_bike,2,4,3,8,20.38
casual,classic_bike,2,12,0,6,7.33
member,electric_bike,2,11,2,14,8.0
casual,classic_bike,6,2,8,41,10.44
member,classic_bike,5,2,3,6,28.5
casual,classic_bike,2,2,3,1,19.0
member,classic_bike,7,1,2,17,10.12
member,classic_bike,4,12,4,18,17.11
casual,classic_bike,2,12,23,8,22.0
member,electric_bike,3,6,3,21,16.0
casual,electric_bike,6,11,3,21,8.76
member,classic_bike,2,5,3,10,5.0
casual,classic_bike,4,12,22,31,14.77
member,classic_bike,6,2,3,3,4.0
casual,classic_bike,3,4,2,12,19.0
member,electric_bike,1,12,4,7,13.0
casual,electric_bike,4,2,2,5,6.6
member,electric_bike,2,12,1,15,5.73
casual,electric_bike,3,2,3,4,6.5
member,electric_bike,3,8,1,30,13.87
casual,classic_bike,5,5,2,10,34.7
casual,classic_bike,5,6,4,13,28.08
member,electric_bike,3,11,3,10,5.7
casual,classic_bike,4,12,0,13,22.38
casual,classic_bike,1,3,3,35,38.23
member,classic_bike,5,2,1,10,14.9
casual,electric_bike,3,4,3,14,6.5
casual,classic_bike,3,3,3,4,5.25
casual,classic_bike,1,12,20,16,11.38
casual,classic_bike,5,12,1,8,17.38
casual,electric_bike,4,3,3,10,10.7
casual,classic_bike,5,5,4,12,19.33
casual,classic_bike,6,11,2,17,9.06
member,electric_bike,5,3,3,10,8.0
member,electric_bike,7,2,4,9,11.22
casual,classic_bike,1,1,3,2,5.5
casual,electric_bike,4,4,2,13,6.08
casual,electric_bike,6,12,4,10,5.6
casual,classic_bike,5,1,0,10,8.6
casual,classic_bike,2,2,1,11,8.18
casual,classic_bike,2,11,5,19,28.11
casual,classic_bike,4,1,4,8,13.0
member,classic_bike,2,11,3,6,14.17
casual,classic_bike,4,9,3,4,17.25
casual,classic_bike,4,10,4,12,17.0
casual,electric_bike,2,1,1,2,8.0
casual,classic_bike,5,2,5,6,16.17
casual,electric_bike,1,1,4,4,9.5
casual,classic_bike,1,12,6,4,104.75
casual,electric_bike,2,1,3,6,8.83
casual,classic_bike,2,3,2,5,19.4
casual,classic_bike,3,2,2,2,13.0
casual,classic_bike,3,12,6,10,7.2
casual,electric_bike,3,1,4,4,4.25
casual,electric_bike,5,12,2,3,6.0
member,electric_bike,2,12,3,5,8.8
casual,classic_bike,2,3,4,6,18.17
casual,electric_bike,2,4,4,13,6.77
member,electric_bike,4,12,3,6,4.33
member,classic_bike,3,12,3,5,169.8
member,classic_bike,5,1,2,4,3.5
member,classic_bike,7,1,4,2,9.0
casual,electric_bike,5,12,4,8,5.13
member,electric_bike,5,2,2,1,43.0
casual,classic_bike,4,1,1,108,14.28
member,electric_bike,4,1,7,578,7.6
member,electric_bike,4,1,8,729,7.97
member,classic_bike,6,1,14,369,9.36
member,classic_bike,6,1,15,454,10.06
member,electric_bike,7,1,2,26,13.23
member,classic_bike,7,1,16,402,14.32
member,classic_bike,1,1,18,184,9.52
member,classic_bike,4,1,12,368,10.69
member,classic_bike,5,1,14,470,10.97
member,classic_bike,6,1,16,659,10.43
member,classic_bike,2,1,19,237,8.99
member,classic_bike,4,1,17,918,10.46
member,electric_bike,4,1,18,569,8.11
member,classic_bike,5,1,10,329,10.25
member,electric_bike,5,1,21,168,7.29
casual,classic_bike,6,1,8,39,18.54
member,electric_bike,6,1,9,311,7.87
casual,electric_bike,6,1,22,56,11.36
member,classic_bike,7,1,13,481,11.35
member,electric_bike,1,1,17,216,8.57
member,electric_bike,4,1,20,220,7.61
member,classic_bike,6,1,13,349,8.91
member,classic_bike,7,1,1,29,8.62
member,electric_bike,2,1,20,127,6.79
member,classic_bike,2,1,22,89,6.79
member,classic_bike,3,1,8,642,10.03
member,classic_bike,4,1,19,390,9.85
member,classic_bike,4,1,22,111,9.59
casual,electric_bike,6,1,17,156,8.85
member,electric_bike,7,2,15,274,9.22
member,classic_bike,2,2,7,578,10.03
member,classic_bike,2,2,11,338,8.39
member,classic_bike,4,2,5,84,9.58
member,classic_bike,4,2,20,240,9.2
member,classic_bike,5,2,9,414,8.62
member,electric_bike,6,2,15,577,8.81
member,electric_bike,6,2,16,756,8.88
member,classic_bike,7,2,2,29,28.52
member,electric_bike,1,2,7,74,6.5
member,classic_bike,1,2,17,393,10.07
member,electric_bike,2,2,12,311,8.8
member,electric_bike,2,2,22,89,8.51
member,classic_bike,3,2,12,419,8.79
member,classic_bike,3,2,17,978,11.34
member,classic_bike,4,2,7,456,10.8
member,classic_bike,4,2,8,669,11.12
member,electric_bike,5,2,15,530,8.3
casual,classic_bike,7,2,22,36,16.81
casual,classic_bike,1,2,15,115,29.63
member,electric_bike,3,2,18,569,8.25
member,electric_bike,5,2,10,204,8.89
member,electric_bike,5,2,14,312,8.55
member,electric_bike,6,2,10,255,7.65
casual,electric_bike,7,2,6,11,4.82
casual,electric_bike,7,2,11,119,9.13
member,electric_bike,1,2,18,225,8.79
member,classic_bike,1,2,19,197,9.23
member,electric_bike,2,2,17,899,8.94
member,electric_bike,3,2,6,355,7.72
member,electric_bike,3,2,7,741,7.99
casual,classic_bike,3,2,14,63,48.52
member,electric_bike,3,2,20,195,6.52
casual,electric_bike,5,2,5,17,7.41
casual,classic_bike,5,2,12,59,16.58
member,classic_bike,6,2,9,359,8.95
member,classic_bike,7,3,10,866,11.19
member,classic_bike,7,3,13,1109,13.12
member,classic_bike,1,3,11,723,13.25
member,electric_bike,1,3,17,465,11.33
member,classic_bike,2,3,12,679,10.5
member,classic_bike,2,3,23,95,10.55
member,classic_bike,3,3,5,116,12.2
member,classic_bike,3,3,7,893,11.06
casual,electric_bike,3,3,16,392,11.44
member,electric_bike,4,3,8,1179,8.71
member,classic_bike,4,3,19,457,11.3
member,classic_bike,6,3,10,392,9.01
member,classic_bike,6,3,14,741,12.87
member,classic_bike,6,3,16,1183,13.0
member,classic_bike,1,3,18,543,13.06
member,classic_bike,2,3,17,2060,13.06
member,classic_bike,3,3,8,1280,11.09
member,classic_bike,3,3,11,481,9.17
member,electric_bike,3,3,12,357,7.85
casual,electric_bike,3,3,15,280,13.86
member,classic_bike,3,3,18,1074,12.15
member,electric_bike,4,3,18,591,8.78
member,classic_bike,5,3,14,496,10.89
casual,classic_bike,6,3,11,332,36.33
member,classic_bike,6,3,15,946,13.24
casual,classic_bike,6,3,18,794,26.56
casual,classic_bike,7,3,8,196,22.92
member,electric_bike,7,3,9,501,9.34
member,classic_bike,2,3,22,179,9.68
member,electric_bike,4,3,7,1001,8.23
member,classic_bike,4,3,12,569,12.36
member,classic_bike,5,3,16,1117,11.9
member,electric_bike,6,3,21,292,11.21
member,classic_bike,7,3,14,1097,14.06
member,classic_bike,7,3,15,1069,13.44
member,electric_bike,7,3,21,212,9.73
member,electric_bike,1,3,12,568,10.5
member,electric_bike,1,3,22,158,9.0
member,electric_bike,2,3,8,1053,8.3
member,electric_bike,2,3,18,1042,9.93
member,classic_bike,3,3,20,350,10.74
casual,electric_bike,4,3,9,125,8.02
member,electric_bike,4,3,11,328,8.4
casual,classic_bike,4,3,14,143,17.97
member,electric_bike,5,3,4,16,8.19
member,classic_bike,6,3,13,705,12.43
member,classic_bike,1,3,20,253,10.31
member,electric_bike,2,3,11,381,9.33
member,electric_bike,3,4,6,730,8.61
member,electric_bike,3,4,8,1663,9.12
member,classic_bike,3,4,12,891,9.77
member,classic_bike,3,4,22,260,9.57
member,classic_bike,4,4,11,648,10.2
casual,electric_bike,5,4,8,338,8.53
member,electric_bike,5,4,14,537,9.88
member,electric_bike,5,4,15,937,9.7
member,classic_bike,6,4,9,701,9.89
member,electric_bike,7,4,13,630,10.99
member,electric_bike,7,4,16,661,11.88
casual,classic_bike,1,4,13,710,39.05
casual,classic_bike,1,4,15,714,34.26
member,classic_bike,1,4,17,870,14.23
member,electric_bike,1,4,18,577,11.5
casual,electric_bike,1,4,21,159,12.23
member,classic_bike,2,4,8,1284,10.5
member,electric_bike,3,4,18,1272,9.79
casual,electric_bike,5,4,7,232,8.23
member,electric_bike,5,4,10,400,9.54
casual,electric_bike,7,4,8,126,12.0
member,electric_bike,7,4,10,576,9.16
member,electric_bike,1,4,11,542,9.39
member,electric_bike,2,4,12,474,9.25
member,electric_bike,3,4,11,460,8.29
member,classic_bike,3,4,17,2795,13.49
member,classic_bike,3,4,19,1217,12.86
member,classic_bike,4,4,6,469,10.08
member,classic_bike,4,4,7,989,11.68
casual,electric_bike,4,4,16,552,10.83
member,electric_bike,4,4,17,1615,10.47
casual,electric_bike,5,4,6,128,6.48
member,classic_bike,5,4,9,862,9.95
member,classic_bike,6,4,4,28,10.07
casual,electric_bike,6,4,18,426,12.31
casual,classic_bike,6,4,22,120,15.09
casual,classic_bike,7,4,19,295,18.95
casual,classic_bike,7,4,22,146,15.47
member,classic_bike,2,4,11,578,10.52
member,electric_bike,4,4,12,526,7.9
casual,electric_bike,4,4,14,240,13.37
member,electric_bike,5,4,16,1361,10.18
casual,electric_bike,5,4,20,165,9.55
member,electric_bike,6,4,3,24,7.5
casual,electric_bike,6,4,7,184,9.4
member,classic_bike,7,4,9,576,11.53
casual,classic_bike,7,4,12,718,29.42
member,classic_bike,1,4,0,150,10.06
casual,classic_bike,1,4,10,424,29.96
member,classic_bike,2,4,6,528,10.04
casual,electric_bike,2,4,16,552,13.97
member,electric_bike,2,4,19,618,9.38
casual,classic_bike,3,4,14,346,25.54
member,electric_bike,3,4,20,494,9.01
member,classic_bike,4,4,18,1427,12.46
member,classic_bike,5,5,12,936,11.68
member,classic_bike,5,5,17,2846,13.43
member,classic_bike,5,5,23,226,11.59
member,electric_bike,6,5,8,1239,9.3
member,electric_bike,6,5,11,718,10.51
casual,classic_bike,6,5,16,1140,30.02
member,classic_bike,6,5,19,1018,12.28
member,electric_bike,7,5,8,522,9.62
member,electric_bike,1,5,2,71,8.55
member,classic_bike,1,5,14,960,14.21
member,electric_bike,2,5,16,1335,10.83
member,classic_bike,2,5,21,397,12.6
member,classic_bike,3,5,10,539,11.17
member,classic_bike,3,5,14,681,12.07
member,classic_bike,3,5,16,1816,12.94
member,electric_bike,4,5,10,324,9.77
member,electric_bike,5,5,5,201,7.34
member,classic_bike,5,5,19,1247,13.16
member,electric_bike,6,5,7,1076,9.02
member,classic_bike,6,5,12,1280,11.8
casual,classic_bike,7,5,10,1004,35.57
casual,classic_bike,7,5,15,1486,34.89
casual,classic_bike,7,5,16,1479,37.78
member,classic_bike,1,5,15,911,15.44
member,classic_bike,1,5,16,827,17.74
member,electric_bike,2,5,15,907,10.7
casual,classic_bike,2,5,17,805,25.28
member,electric_bike,4,5,13,533,8.96
member,electric_bike,5,5,7,1391,8.93
casual,classic_bike,5,5,14,507,31.42
casual,electric_bike,5,5,21,317,10.76
casual,classic_bike,7,5,1,183,35.37
member,classic_bike,7,5,19,878,13.5
casual,classic_bike,1,5,18,699,31.05
casual,electric_bike,5,5,9,272,11.24
casual,classic_bike,5,5,15,604,34.53
member,electric_bike,5,5,20,554,9.46
member,classic_bike,7,5,12,1410,14.48
member,electric_bike,7,5,18,874,11.59
casual,electric_bike,1,5,0,268,12.72
casual,classic_bike,1,5,20,261,23.92
casual,electric_bike,2,5,7,205,8.57
member,classic_bike,3,5,15,979,11.57
casual,electric_bike,3,5,17,713,12.99
member,classic_bike,4,5,4,42,8.86
casual,classic_bike,6,5,15,964,28.89
member,classic_bike,6,5,17,2093,13.02
member,electric_bike,6,5,18,1296,11.47
casual,classic_bike,7,5,13,1569,34.55
casual,classic_bike,7,5,14,1478,34.33
member,classic_bike,7,5,17,1291,14.32
member,electric_bike,7,5,20,482,10.86
casual,classic_bike,1,6,11,1753,38.36
member,classic_bike,1,6,14,1599,16.73
member,classic_bike,1,6,15,1483,16.57
member,classic_bike,2,6,9,1094,11.43
member,electric_bike,2,6,16,2182,10.98
casual,classic_bike,2,6,23,193,31.46
member,classic_bike,3,6,15,1141,13.1
casual,electric_bike,4,6,8,400,9.88
casual,classic_bike,4,6,22,343,24.8
member,electric_bike,5,6,8,1427,9.65
member,classic_bike,5,6,17,2626,14.52
member,electric_bike,5,6,20,641,11.12
member,electric_bike,6,6,8,1109,9.29
casual,electric_bike,6,6,9,384,15.02
member,classic_bike,6,6,12,992,11.54
casual,classic_bike,6,6,15,999,33.09
member,classic_bike,6,6,17,1907,15.02
member,classic_bike,6,6,22,510,15.74
casual,classic_bike,7,6,1,328,22.97
member,classic_bike,7,6,22,534,16.14
casual,classic_bike,2,6,19,1166,30.25
casual,classic_bike,3,6,11,521,36.01
member,classic_bike,3,6,14,821,12.08
member,classic_bike,3,6,16,2027,13.64
casual,classic_bike,3,6,20,771,25.1
member,classic_bike,4,6,4,31,10.65
member,electric_bike,4,6,16,1692,11.47
casual,classic_bike,4,6,17,1104,27.77
casual,electric_bike,4,6,18,599,15.73
casual,classic_bike,4,6,19,818,28.31
member,electric_bike,5,6,6,666,8.95
member,electric_bike,5,6,11,714,10.46
member,electric_bike,6,6,11,641,10.76
member,classic_bike,6,6,19,1257,14.59
member,electric_bike,7,6,7,291,10.16
member,classic_bike,7,6,12,1439,14.47
casual,classic_bike,7,6,15,2159,31.82
casual,classic_bike,7,6,16,2037,31.17
member,classic_bike,1,6,10,1356,13.8
member,classic_bike,1,6,13,1508,14.95
member,classic_bike,1,6,16,1444,15.7
casual,classic_bike,2,6,12,919,38.71
member,electric_bike,2,6,15,1185,10.75
casual,classic_bike,3,6,5,74,15.7
member,electric_bike,4,6,13,528,9.76
casual,classic_bike,5,6,14,868,32.13
member,classic_bike,5,6,19,1554,15.17
casual,electric_bike,5,6,21,520,13.26
member,electric_bike,6,6,6,555,9.09
casual,classic_bike,6,6,16,1152,26.39
casual,classic_bike,7,6,10,1369,36.97
casual,classic_bike,7,6,14,2126,32.15
member,classic_bike,7,6,17,1214,15.0
casual,electric_bike,1,6,19,665,18.01
casual,classic_bike,1,6,20,745,29.34
member,electric_bike,2,6,3,30,7.83
member,classic_bike,3,6,13,809,12.35
member,classic_bike,4,6,21,678,15.66
member,classic_bike,5,6,12,1002,12.86
member,electric_bike,6,6,5,210,8.55
casual,classic_bike,6,6,13,891,33.77
casual,classic_bike,6,6,14,844,31.84
member,classic_bike,6,6,23,389,13.41
member,electric_bike,7,6,8,537,11.65
casual,classic_bike,7,6,13,2098,34.13
member,classic_bike,1,6,3,73,30.78
casual,classic_bike,1,6,18,1224,32.98
member,electric_bike,2,6,14,784,11.24
member,classic_bike,3,7,13,1078,11.83
member,classic_bike,3,7,14,1028,12.81
member,classic_bike,3,7,16,2554,13.56
casual,classic_bike,3,7,18,1572,25.13
member,classic_bike,4,7,9,1312,11.89
member,electric_bike,4,7,14,855,10.79
member,electric_bike,4,7,16,2349,11.72
casual,classic_bike,4,7,23,243,25.85
member,electric_bike,5,7,11,819,11.18
casual,classic_bike,5,7,16,1103,24.68
casual,classic_bike,6,7,13,1038,33.54
casual,classic_bike,6,7,14,1042,43.47
casual,classic_bike,6,7,16,1376,32.92
casual,electric_bike,6,7,21,720,16.89
casual,classic_bike,7,7,14,1678,34.18
casual,classic_bike,7,7,15,1642,30.62
casual,electric_bike,1,7,0,504,15.64
member,electric_bike,1,7,9,574,11.06
casual,classic_bike,1,7,11,1271,35.0
member,classic_bike,1,7,13,1367,16.3
member,classic_bike,1,7,14,1334,17.48
casual,classic_bike,1,7,18,1127,33.15
member,electric_bike,2,7,15,1045,10.75
member,electric_bike,2,7,16,1933,11.45
member,classic_bike,2,7,21,845,15.06
casual,electric_bike,3,7,0,193,15.33
casual,electric_bike,3,7,19,882,15.43
member,classic_bike,4,7,4,58,12.95
member,classic_bike,4,7,21,950,15.28
member,classic_bike,5,7,0,97,12.3
member,classic_bike,5,7,17,3135,13.91
member,classic_bike,5,7,19,1642,14.29
casual,classic_bike,6,7,15,1266,31.91
member,classic_bike,6,7,17,1737,14.89
member,electric_bike,6,7,18,1270,12.76
member,classic_bike,6,7,23,362,14.94
member,electric_bike,7,7,8,478,11.26
member,classic_bike,7,7,22,592,20.7
member,classic_bike,1,7,15,1246,14.39
member,classic_bike,3,7,15,1405,14.04
member,electric_bike,5,7,6,958,9.58
member,classic_bike,5,7,22,542,15.01
member,electric_bike,6,7,8,1055,9.57
casual,electric_bike,6,7,9,424,16.3
member,electric_bike,6,7,20,670,13.14
member,classic_bike,6,7,22,491,14.93
member,electric_bike,7,7,6,230,11.54
member,electric_bike,7,7,7,296,10.44
member,electric_bike,7,7,18,986,14.27
member,electric_bike,7,7,20,683,13.55
member,electric_bike,1,7,21,481,12.44
casual,electric_bike,2,7,8,415,11.13
member,electric_bike,3,7,9,955,10.3
member,classic_bike,3,7,10,968,13.06
casual,classic_bike,3,7,20,989,21.38
member,classic_bike,5,7,12,1259,12.11
member,electric_bike,5,7,18,1858,11.8
member,electric_bike,6,7,7,799,9.48
member,electric_bike,6,7,11,639,11.55
member,classic_bike,7,7,0,216,16.51
casual,classic_bike,7,7,13,1486,35.01
member,electric_bike,2,7,10,457,11.25
member,electric_bike,2,7,13,582,10.7
casual,classic_bike,2,7,17,1151,28.24
casual,electric_bike,3,7,17,1587,14.49
member,electric_bike,5,7,5,263,7.85
casual,electric_bike,5,7,9,497,14.69
member,electric_bike,6,8,7,1265,9.47
member,electric_bike,6,8,8,1549,9.73
member,classic_bike,6,8,12,1489,13.7
casual,classic_bike,6,8,13,1331,34.68
casual,classic_bike,6,8,16,1655,30.4
member,electric_bike,7,8,11,1260,12.56
casual,classic_bike,7,8,14,2647,32.8
member,electric_bike,7,8,18,1047,14.04
member,classic_bike,7,8,19,1121,14.45
member,classic_bike,7,8,22,681,14.45
member,classic_bike,1,8,1,232,11.79
casual,electric_bike,2,8,6,229,8.62
casual,electric_bike,2,8,8,446,10.27
member,electric_bike,2,8,15,1074,11.4
member,classic_bike,3,8,13,931,11.55
member,classic_bike,3,8,14,812,12.04
casual,electric_bike,3,8,17,1019,14.61
casual,classic_bike,3,8,18,891,22.88
member,electric_bike,4,8,10,460,10.07
member,electric_bike,4,8,16,2338,11.98
casual,electric_bike,5,8,2,54,12.17
member,classic_bike,5,8,19,1682,16.58
member,classic_bike,5,8,23,288,18.8
member,electric_bike,6,8,6,705,10.69
member,classic_bike,6,8,17,2680,13.54
casual,classic_bike,7,8,10,1890,36.02
member,classic_bike,7,8,12,1926,16.04
casual,classic_bike,7,8,15,2838,31.48
member,electric_bike,7,8,20,613,12.54
member,classic_bike,1,8,13,1796,16.1
member,classic_bike,1,8,14,1811,15.35
member,classic_bike,1,8,15,1777,15.82
member,classic_bike,1,8,16,1902,15.17
casual,electric_bike,1,8,17,1507,20.75
casual,electric_bike,1,8,19,882,17.71
member,classic_bike,2,8,4,41,12.56
member,electric_bike,2,8,14,734,10.87
member,electric_bike,2,8,16,1969,11.17
member,classic_bike,3,8,15,1013,14.17
casual,electric_bike,4,8,7,459,9.37
member,classic_bike,4,8,9,1071,12.26
casual,classic_bike,4,8,17,1322,24.59
casual,classic_bike,4,8,19,994,24.67
member,classic_bike,4,8,21,851,13.1
casual,classic_bike,5,8,15,814,28.15
member,classic_bike,5,8,17,2860,14.07
member,electric_bike,5,8,18,1487,12.51
member,electric_bike,6,8,20,770,12.28
member,electric_bike,7,8,8,730,11.44
casual,classic_bike,7,8,13,2756,34.57
casual,electric_bike,7,8,21,742,17.98
member,electric_bike,1,8,21,541,11.81
casual,electric_bike,2,8,7,381,9.85
member,electric_bike,3,8,9,705,9.36
member,classic_bike,3,8,16,1858,13.2
casual,electric_bike,4,8,8,566,9.85
member,electric_bike,5,8,8,1710,9.68
member,classic_bike,5,8,12,1023,12.45
casual,classic_bike,5,8,16,979,26.69
member,classic_bike,5,8,22,490,13.01
casual,electric_bike,6,8,4,66,15.44
casual,classic_bike,6,8,15,1519,27.26
member,electric_bike,6,8,18,1620,12.7
casual,electric_bike,1,8,12,1488,20.42
casual,classic_bike,1,8,18,1744,29.58
member,electric_bike,2,8,10,383,10.52
casual,classic_bike,2,8,23,72,35.49
member,electric_bike,4,8,1,37,12.49
member,electric_bike,4,8,13,765,10.24
member,electric_bike,5,8,7,1517,9.7
member,electric_bike,5,8,11,636,10.59
casual,classic_bike,6,8,10,844,39.34
casual,classic_bike,6,8,14,1268,29.78
member,classic_bike,6,8,19,1647,13.44
casual,classic_bike,7,8,16,2816,28.07
member,classic_bike,7,8,17,1560,15.09
casual,electric_bike,2,9,1,153,17.84
member,classic_bike,2,9,8,2077,11.92
casual,electric_bike,2,9,16,1247,15.81
member,classic_bike,2,9,20,1013,13.92
member,electric_bike,3,9,5,289,7.59
member,electric_bike,3,9,6,1156,9.11
member,classic_bike,3,9,12,1388,11.39
member,classic_bike,3,9,17,4057,14.93
member,classic_bike,3,9,19,1856,13.9
member,classic_bike,4,9,7,1818,12.31
member,classic_bike,4,9,8,2197,11.67
member,electric_bike,4,9,12,763,10.21
member,classic_bike,4,9,18,2102,13.08
member,classic_bike,4,9,20,976,11.63
member,classic_bike,5,9,9,1053,11.17
member,electric_bike,5,9,16,2369,11.86
casual,electric_bike,5,9,18,991,12.99
member,electric_bike,6,9,1,66,7.38
casual,electric_bike,6,9,6,244,8.32
member,classic_bike,6,9,21,560,13.32
casual,classic_bike,7,9,0,283,29.55
casual,electric_bike,7,9,11,1103,19.78
casual,classic_bike,7,9,19,635,28.46
member,classic_bike,7,9,21,472,11.6
casual,classic_bike,7,9,23,310,25.06
member,electric_bike,1,9,7,203,10.71
member,electric_bike,1,9,11,1167,12.09
member,classic_bike,1,9,19,866,12.93
member,classic_bike,2,9,6,699,11.66
member,electric_bike,2,9,12,921,10.95
casual,electric_bike,2,9,15,1054,16.68
member,electric_bike,2,9,17,2704,11.8
member,electric_bike,2,9,19,1278,10.87
member,classic_bike,4,9,6,806,11.59
member,electric_bike,5,9,13,825,10.83
casual,classic_bike,5,9,17,969,23.25
member,classic_bike,6,9,9,966,11.35
casual,electric_bike,6,9,11,717,20.09
casual,classic_bike,6,9,19,619,19.81
member,electric_bike,7,9,10,919,12.18
member,electric_bike,7,9,13,1125,12.62
member,electric_bike,7,9,14,1026,12.52
member,electric_bike,7,9,15,1051,13.87
member,electric_bike,7,9,16,1087,13.21
casual,electric_bike,1,9,9,599,17.97
casual,classic_bike,1,9,13,1331,33.73
casual,classic_bike,1,9,14,1286,36.59
member,classic_bike,1,9,23,153,17.19
member,classic_bike,2,9,7,1601,12.29
casual,electric_bike,2,9,14,958,19.2
member,electric_bike,3,9,7,2330,9.89
member,electric_bike,3,9,8,2381,9.97
member,electric_bike,3,9,11,700,11.23
casual,classic_bike,3,9,15,685,27.75
member,electric_bike,5,9,1,44,10.98
casual,electric_bike,6,9,7,397,8.61
member,electric_bike,6,9,15,1459,11.76
member,electric_bike,6,9,16,1975,11.83
casual,classic_bike,6,9,17,1149,25.79
member,classic_bike,1,9,12,1460,15.63
member,classic_bike,2,9,11,1166,13.26
member,electric_bike,3,9,18,2195,11.53
member,classic_bike,3,9,22,488,17.58
member,classic_bike,4,9,11,939,12.53
member,electric_bike,5,9,10,544,10.99
member,electric_bike,5,9,15,1333,11.64
casual,classic_bike,6,9,12,759,31.57
member,electric_bike,6,9,13,1034,10.41
member,electric_bike,6,9,14,1098,10.89
casual,electric_bike,7,9,20,562,15.33
casual,classic_bike,7,9,22,423,17.83
casual,classic_bike,1,9,15,1265,30.31
casual,classic_bike,1,9,16,1270,30.89
member,classic_bike,1,9,17,1373,15.04
member,classic_bike,2,9,18,2665,13.95
member,electric_bike,4,10,8,2286,9.42
member,classic_bike,4,10,17,3239,13.98
member,classic_bike,4,10,19,1426,10.85
member,classic_bike,5,10,13,1232,11.9
member,classic_bike,5,10,16,2443,13.07
casual,classic_bike,6,10,8,322,27.52
member,classic_bike,6,10,15,1640,16.98
member,classic_bike,6,10,16,2098,14.19
member,classic_bike,7,10,13,1411,13.81
casual,electric_bike,7,10,17,1004,15.55
casual,electric_bike,1,10,10,634,18.72
member,classic_bike,1,10,20,483,10.73
casual,classic_bike,1,10,21,217,37.9
member,electric_bike,2,10,8,1339,9.4
casual,classic_bike,2,10,16,625,25.86
member,classic_bike,2,10,17,2436,14.94
member,classic_bike,3,10,7,1343,13.39
member,classic_bike,3,10,11,730,12.23
casual,electric_bike,3,10,15,561,12.91
member,electric_bike,3,10,19,837,9.73
member,classic_bike,3,10,20,658,10.81
member,electric_bike,3,10,23,141,11.91
member,electric_bike,4,10,6,987,8.0
member,electric_bike,4,10,7,2188,9.3
member,electric_bike,4,10,11,687,10.21
member,electric_bike,5,10,9,1025,9.11
casual,electric_bike,5,10,19,830,11.56
casual,classic_bike,6,10,11,684,30.73
casual,classic_bike,6,10,18,850,23.57
member,classic_bike,7,10,14,1416,14.6
member,classic_bike,7,10,15,1400,15.07
member,classic_bike,1,10,7,292,13.27
casual,classic_bike,1,10,9,851,39.65
casual,electric_bike,1,10,14,935,17.5
casual,electric_bike,1,10,15,993,17.31
member,classic_bike,1,10,18,1172,14.82
member,classic_bike,2,10,0,55,9.96
member,electric_bike,2,10,7,1322,8.82
casual,classic_bike,2,10,10,422,37.59
member,classic_bike,2,10,12,968,12.4
casual,classic_bike,2,10,13,516,39.31
member,electric_bike,2,10,18,1300,10.6
member,classic_bike,2,10,19,987,12.34
member,classic_bike,3,10,6,593,12.36
member,classic_bike,3,10,8,1675,13.19
member,electric_bike,3,10,12,643,9.61
member,classic_bike,3,10,18,1709,11.81
member,classic_bike,4,10,12,1155,9.96
member,classic_bike,5,10,10,959,11.33
member,classic_bike,5,10,15,1674,12.02
member,electric_bike,6,10,4,41,8.0
member,electric_bike,6,10,9,989,8.38
member,classic_bike,6,10,13,1356,12.33
member,classic_bike,6,10,14,1260,12.7
member,electric_bike,2,10,20,555,9.08
casual,electric_bike,3,10,1,43,11.6
member,electric_bike,4,10,18,1976,10.88
member,classic_bike,5,10,14,1144,11.92
member,classic_bike,6,10,10,978,16.55
casual,electric_bike,7,10,0,431,11.48
member,classic_bike,7,10,10,1308,15.41
member,classic_bike,1,10,6,145,23.7
member,classic_bike,1,10,8,498,14.48
casual,electric_bike,2,10,21,246,10.65
member,electric_bike,3,10,22,277,10.85
casual,classic_bike,4,10,10,259,24.0
casual,electric_bike,7,11,2,192,10.81
casual,classic_bike,7,11,14,873,28.19
member,classic_bike,1,11,13,849,12.41
casual,electric_bike,2,11,6,108,6.06
member,electric_bike,2,11,13,509,10.22
member,electric_bike,2,11,14,472,10.08
casual,electric_bike,2,11,18,270,7.87
member,classic_bike,2,11,21,347,15.26
member,classic_bike,3,11,15,893,11.13
member,classic_bike,3,11,16,1333,14.13
member,electric_bike,4,11,13,589,9.15
member,classic_bike,5,11,12,680,13.97
member,classic_bike,5,11,17,1472,12.7
member,electric_bike,6,11,11,553,9.87
casual,classic_bike,7,11,10,468,28.98
casual,classic_bike,7,11,15,777,32.9
casual,classic_bike,1,11,8,97,19.12
member,classic_bike,1,11,15,956,14.19
member,electric_bike,2,11,15,847,9.4
member,electric_bike,2,11,16,1406,10.33
member,electric_bike,4,11,16,1519,10.67
member,classic_bike,5,11,23,135,18.59
member,electric_bike,6,11,7,755,9.11
member,classic_bike,6,11,17,1248,18.04
member,classic_bike,6,11,19,652,11.0
member,electric_bike,7,11,8,392,9.16
member,classic_bike,7,11,12,1043,12.74
casual,classic_bike,7,11,13,762,28.25
member,classic_bike,7,11,17,804,19.92
member,classic_bike,7,11,19,461,14.07
member,classic_bike,3,11,10,465,12.9
casual,electric_bike,3,11,12,245,12.3
member,classic_bike,3,11,14,628,12.18
casual,electric_bike,3,11,17,454,9.07
member,classic_bike,4,11,9,669,11.59
member,electric_bike,4,11,14,649,9.11
member,classic_bike,4,11,21,416,15.02
member,classic_bike,6,11,0,66,9.76
casual,electric_bike,6,11,2,33,8.21
member,electric_bike,6,11,5,149,6.48
member,electric_bike,6,11,8,979,8.63
member,electric_bike,6,11,18,841,10.88
member,electric_bike,6,11,20,349,10.46
casual,classic_bike,1,11,11,468,27.56
casual,electric_bike,1,11,19,195,10.12
casual,electric_bike,1,11,22,109,9.72
member,classic_bike,2,11,9,582,12.97
member,electric_bike,4,11,15,906,10.3
casual,classic_bike,4,11,17,262,15.1
member,electric_bike,5,11,7,1063,8.76
member,electric_bike,5,11,8,1316,9.12
member,classic_bike,1,11,14,826,16.67
member,classic_bike,2,12,13,305,10.98
member,classic_bike,4,12,13,376,10.21
member,classic_bike,4,12,16,685,14.41
member,classic_bike,5,12,11,310,9.58
member,classic_bike,5,12,20,209,10.86
member,electric_bike,1,12,1,42,9.74
member,electric_bike,1,12,15,219,11.67
member,classic_bike,1,12,21,51,9.53
member,electric_bike,3,12,10,256,8.15
member,electric_bike,3,12,14,418,9.03
member,electric_bike,3,12,16,926,10.97
member,electric_bike,5,12,23,80,9.06
member,electric_bike,6,12,19,258,10.12
member,electric_bike,3,12,15,606,10.16
casual,classic_bike,4,12,20,28,22.96
member,classic_bike,6,12,6,134,8.46
member,classic_bike,6,12,8,368,10.55
member,classic_bike,7,12,11,305,12.14
casual,electric_bike,7,12,16,139,11.98
member,electric_bike,2,12,9,291,7.61
member,classic_bike,2,12,16,611,13.6
member,classic_bike,3,12,9,390,10.21
casual,electric_bike,3,12,11,79,10.23
casual,electric_bike,4,12,12,151,10.62
casual,electric_bike,6,12,16,182,10.14
member,classic_bike,7,12,7,95,18.94
member,electric_bike,3,12,13,396,9.06
member,classic_bike,3,12,21,170,14.02
member,classic_bike,4,12,10,302,12.82
casual,electric_bike,4,12,22,47,7.77
member,classic_bike,5,1,13,480,9.68
member,classic_bike,5,1,16,945,10.87
member,electric_bike,7,1,9,213,8.92
member,classic_bike,7,1,14,480,10.71
member,classic_bike,1,1,5,13,15.08
member,classic_bike,1,1,11,265,16.05
member,electric_bike,2,1,5,82,5.07
member,electric_bike,2,1,8,494,7.19
member,classic_bike,2,1,17,573,10.66
member,electric_bike,2,1,18,357,7.79
member,electric_bike,3,1,12,234,6.96
casual,electric_bike,3,1,14,80,8.14
member,electric_bike,3,1,17,748,9.03
member,classic_bike,3,1,18,519,9.32
member,electric_bike,4,1,5,124,6.1
member,electric_bike,4,1,6,326,7.02
casual,classic_bike,4,1,15,100,23.78
member,electric_bike,5,1,9,453,6.74
casual,electric_bike,7,1,0,54,13.0
member,classic_bike,7,1,15,428,11.36
member,electric_bike,7,1,21,108,7.79
casual,electric_bike,1,1,14,60,7.33
member,classic_bike,2,1,12,286,9.1
member,classic_bike,3,1,6,265,9.08
member,electric_bike,3,1,22,75,7.29
member,electric_bike,4,1,11,284,8.08
member,classic_bike,5,1,15,630,11.35
member,classic_bike,6,1,10,242,8.4
casual,classic_bike,6,1,20,49,39.12
member,classic_bike,7,1,10,357,9.7
casual,electric_bike,7,1,17,98,9.51
casual,electric_bike,5,1,12,104,8.99
member,electric_bike,6,1,21,142,8.68
casual,classic_bike,7,1,18,47,15.15
member,electric_bike,1,1,12,209,7.86
member,electric_bike,2,1,7,466,7.17
member,electric_bike,2,1,11,182,10.51
member,classic_bike,3,1,11,252,8.72
member,electric_bike,5,1,4,23,7.0
member,electric_bike,7,2,13,315,8.48
member,classic_bike,7,2,21,122,10.05
member,classic_bike,1,2,0,74,8.68
member,classic_bike,1,2,12,402,10.28
member,electric_bike,1,2,20,133,7.84
member,classic_bike,1,2,22,69,10.46
member,classic_bike,2,2,20,276,9.06
casual,electric_bike,4,2,10,62,7.11
casual,electric_bike,4,2,16,173,8.16
member,electric_bike,4,2,17,780,9.03
member,electric_bike,5,2,13,321,7.87
casual,electric_bike,5,2,18,126,7.56
casual,classic_bike,5,2,19,62,8.97
member,classic_bike,5,2,21,175,10.96
member,electric_bike,6,2,13,380,7.46
member,electric_bike,6,2,14,426,8.74
casual,electric_bike,6,2,20,67,9.58
member,electric_bike,7,2,10,291,7.7
casual,classic_bike,7,2,12,96,23.06
casual,electric_bike,1,2,9,73,7.93
member,classic_bike,2,2,18,587,9.85
member,electric_bike,3,2,8,791,8.55
member,classic_bike,3,2,19,398,8.94
casual,electric_bike,3,2,21,46,7.98
member,classic_bike,3,2,23,46,12.24
member,classic_bike,4,2,11,281,8.44
casual,electric_bike,5,2,8,121,7.33
member,electric_bike,5,2,16,879,8.77
casual,electric_bike,7,2,5,6,2.83
member,electric_bike,7,2,16,272,9.6
member,electric_bike,1,2,11,309,10.6
member,classic_bike,4,2,18,496,9.97
casual,electric_bike,5,2,20,65,7.43
member,electric_bike,2,2,0,40,12.1
member,electric_bike,2,2,19,382,7.57
casual,classic_bike,2,2,21,31,8.42
member,electric_bike,3,2,11,232,9.92
member,electric_bike,4,2,12,285,6.93
member,electric_bike,4,2,19,266,8.05
casual,electric_bike,5,2,11,80,7.95
casual,classic_bike,6,2,17,156,24.53
casual,classic_bike,1,3,9,156,19.09
casual,electric_bike,1,3,15,273,16.01
member,electric_bike,1,3,19,322,9.37
member,electric_bike,2,3,7,920,8.14
member,classic_bike,2,3,19,850,12.0
casual,electric_bike,2,3,21,151,12.1
casual,electric_bike,3,3,13,172,13.44
member,electric_bike,4,3,5,158,6.01
casual,classic_bike,4,3,16,165,20.95
casual,classic_bike,5,3,8,105,11.06
member,classic_bike,5,3,10,395,10.72
member,classic_bike,5,3,13,506,10.2
casual,electric_bike,5,3,17,422,10.56
casual,electric_bike,5,3,22,99,11.06
member,electric_bike,6,3,9,450,8.18
casual,electric_bike,6,3,19,390,14.54
member,electric_bike,1,3,0,109,7.6
casual,electric_bike,1,3,13,373,15.6
casual,electric_bike,1,3,14,303,14.57
casual,electric_bike,2,3,9,138,7.78
member,electric_bike,3,3,0,48,6.19
casual,electric_bike,3,3,10,115,15.0
casual,electric_bike,3,3,14,194,15.03
member,electric_bike,3,3,19,454,9.07
member,classic_bike,4,3,17,1144,11.9
member,classic_bike,5,3,15,744,12.6
casual,classic_bike,5,3,20,95,22.87
casual,electric_bike,5,3,23,99,11.12
casual,electric_bike,6,3,17,684,15.43
casual,electric_bike,6,3,22,222,15.2
casual,classic_bike,7,3,7,91,20.9
casual,classic_bike,7,3,11,671,26.83
member,classic_bike,7,3,16,965,15.23
casual,electric_bike,7,3,23,120,12.47
member,classic_bike,1,3,8,313,13.47
member,electric_bike,2,3,6,503,7.67
casual,classic_bike,2,3,14,313,23.39
member,electric_bike,3,3,17,1357,10.65
member,electric_bike,4,3,6,481,7.71
member,electric_bike,5,3,21,259,9.1
member,classic_bike,6,3,1,31,11.0
casual,electric_bike,2,3,2,15,6.93
member,electric_bike,3,3,22,162,8.55
member,electric_bike,3,3,23,80,8.64
member,electric_bike,4,3,20,251,8.91
member,classic_bike,4,3,22,137,9.31
casual,electric_bike,7,3,0,187,13.39
member,classic_bike,7,3,1,84,11.95
casual,electric_bike,7,3,17,390,14.16
member,electric_bike,3,4,7,1459,8.39
casual,electric_bike,4,4,13,227,12.0
member,electric_bike,4,4,22,270,8.54
member,electric_bike,6,4,10,414,10.57
member,electric_bike,6,4,15,810,10.43
member,electric_bike,6,4,16,1109,9.97
member,electric_bike,7,4,3,44,9.7
member,electric_bike,7,4,14,622,11.16
member,electric_bike,7,4,15,658,10.65
casual,electric_bike,7,4,18,444,14.3
member,classic_bike,1,4,19,551,13.79
member,electric_bike,1,4,20,310,10.97
member,classic_bike,1,4,22,147,11.16
member,classic_bike,2,4,7,1055,13.22
member,electric_bike,2,4,17,1524,10.36
member,classic_bike,2,4,18,1424,13.13
member,classic_bike,2,4,20,527,12.45
member,classic_bike,4,4,8,1356,10.18
member,electric_bike,5,4,13,565,8.81
casual,classic_bike,6,4,12,408,25.24
member,electric_bike,6,4,14,590,9.79
casual,electric_bike,7,4,6,45,10.29
casual,classic_bike,7,4,23,137,17.78
member,electric_bike,1,4,8,232,8.5
member,classic_bike,1,4,12,922,14.77
member,classic_bike,2,4,5,168,11.88
casual,electric_bike,3,4,9,197,9.34
casual,electric_bike,4,4,15,409,11.8
casual,classic_bike,5,4,12,271,24.76
casual,electric_bike,5,4,18,364,10.56
member,electric_bike,6,4,1,55,8.2
member,electric_bike,6,4,13,487,9.21
casual,electric_bike,6,4,20,235,12.29
member,classic_bike,6,4,21,289,10.11
member,electric_bike,1,4,7,132,6.98
casual,electric_bike,2,4,15,405,14.81
casual,electric_bike,4,4,10,122,11.15
member,electric_bike,4,4,19,672,9.87
casual,classic_bike,6,4,19,325,19.23
member,classic_bike,7,4,21,266,10.27
casual,electric_bike,1,4,4,28,10.68
casual,classic_bike,2,4,9,176,27.26
casual,electric_bike,2,4,10,140,17.1
member,electric_bike,2,4,22,241,9.43
member,electric_bike,2,4,23,109,9.83
casual,classic_bike,3,4,16,529,26.43
member,classic_bike,4,4,5,162,10.33
member,electric_bike,5,5,18,1435,10.68
member,classic_bike,5,5,22,394,10.93
member,electric_bike,6,5,6,558,9.84
casual,classic_bike,6,5,14,942,30.46
casual,electric_bike,6,5,21,316,11.8
member,classic_bike,1,5,1,92,18.34
casual,electric_bike,1,5,22,199,12.12
member,classic_bike,2,5,4,33,18.97
member,electric_bike,2,5,10,422,10.23
casual,classic_bike,2,5,12,593,35.68
member,classic_bike,3,5,13,691,10.7
member,electric_bike,4,5,1,31,8.26
casual,electric_bike,4,5,7,291,8.09
casual,electric_bike,4,5,8,308,7.83
member,electric_bike,4,5,14,603,9.44
member,electric_bike,4,5,16,1740,10.76
casual,classic_bike,4,5,17,668,19.29
casual,electric_bike,4,5,18,481,11.48
casual,classic_bike,4,5,19,423,22.55
member,electric_bike,5,5,6,685,9.43
member,electric_bike,5,5,8,1685,8.93
casual,electric_bike,6,5,9,330,13.38
member,electric_bike,7,5,7,278,9.59
member,electric_bike,7,5,11,933,11.29
member,classic_bike,7,5,22,345,12.46
member,electric_bike,1,5,9,404,9.22
member,classic_bike,1,5,10,822,12.7
member,classic_bike,1,5,13,1013,14.1
member,electric_bike,1,5,21,260,9.23
member,electric_bike,2,5,13,539,9.99
casual,classic_bike,3,5,11,308,31.58
member,classic_bike,4,5,9,699,10.55
member,electric_bike,4,5,15,943,10.41
member,classic_bike,4,5,21,435,11.01
casual,classic_bike,5,5,16,744,30.61
casual,classic_bike,6,5,10,547,33.3
casual,electric_bike,7,5,9,507,16.5
casual,electric_bike,1,5,17,588,20.38
member,classic_bike,2,5,9,727,10.76
member,electric_bike,2,5,14,605,9.97
casual,electric_bike,2,5,18,503,15.01
casual,classic_bike,2,5,23,52,23.29
member,electric_bike,3,5,9,534,8.73
member,electric_bike,3,5,21,409,10.15
casual,electric_bike,4,5,11,175,12.93
member,classic_bike,5,5,0,84,11.99
casual,electric_bike,6,5,2,75,12.17
casual,electric_bike,7,5,21,334,13.43
casual,classic_bike,1,5,7,168,40.99
casual,electric_bike,1,5,12,574,22.46
member,electric_bike,5,5,11,599,10.24
member,electric_bike,6,5,20,528,10.29
member,electric_bike,1,6,9,678,11.68
member,electric_bike,1,6,21,475,10.86
casual,electric_bike,2,6,5,93,7.3
member,electric_bike,2,6,13,696,11.04
casual,classic_bike,2,6,22,391,22.55
member,electric_bike,3,6,9,664,10.17
casual,electric_bike,3,6,17,1176,14.23
casual,classic_bike,3,6,18,1357,26.65
member,electric_bike,4,6,10,399,10.13
member,electric_bike,5,6,7,1103,9.55
casual,classic_bike,5,6,15,847,27.47
member,electric_bike,5,6,18,1268,11.71
member,classic_bike,5,6,22,535,12.87
member,electric_bike,6,6,7,914,9.65
member,electric_bike,6,6,18,1129,12.41
member,electric_bike,7,6,18,806,12.92
member,classic_bike,7,6,19,973,15.96
casual,electric_bike,1,6,0,489,15.44
casual,electric_bike,1,6,17,1096,17.82
member,classic_bike,4,6,9,795,11.92
member,electric_bike,4,6,14,460,10.99
member,electric_bike,6,6,20,562,12.48
member,electric_bike,7,6,11,914,12.26
casual,electric_bike,1,6,23,203,11.91
casual,electric_bike,2,6,7,428,9.1
casual,classic_bike,2,6,17,1582,26.16
casual,electric_bike,3,6,0,122,13.87
casual,classic_bike,3,6,8,500,20.43
casual,electric_bike,3,6,12,458,15.85
casual,electric_bike,4,6,6,158,8.49
casual,electric_bike,4,6,11,331,16.8
member,classic_bike,5,6,0,69,18.07
casual,electric_bike,6,6,21,501,13.82
casual,electric_bike,7,6,21,569,15.96
member,electric_bike,1,6,4,53,9.58
member,classic_bike,2,6,21,795,14.35
casual,classic_bike,3,6,7,308,15.9
member,electric_bike,3,6,21,515,12.16
member,electric_bike,4,6,1,40,8.95
casual,classic_bike,5,6,13,859,33.18
member,classic_bike,5,6,23,230,12.27
casual,electric_bike,7,6,9,580,18.11
member,electric_bike,7,6,20,530,12.11
member,classic_bike,7,6,23,338,13.91
member,electric_bike,1,6,2,121,9.3
member,electric_bike,2,6,10,466,10.47
casual,electric_bike,3,7,12,648,17.91
casual,electric_bike,4,7,11,541,16.9
member,electric_bike,4,7,15,1297,10.54
member,electric_bike,5,7,20,842,13.11
casual,electric_bike,5,7,21,568,15.11
member,electric_bike,6,7,6,462,11.82
member,classic_bike,6,7,19,1244,17.15
member,classic_bike,7,7,17,1138,15.56
casual,electric_bike,7,7,21,854,18.82
member,classic_bike,7,7,23,428,13.53
casual,electric_bike,1,7,12,1149,21.7
member,classic_bike,1,7,16,1314,15.81
casual,electric_bike,2,7,6,225,9.57
member,electric_bike,3,7,2,27,19.0
member,electric_bike,4,7,10,659,10.68
member,electric_bike,4,7,13,807,10.17
casual,electric_bike,4,7,18,1119,14.7
casual,classic_bike,4,7,19,1207,23.89
member,electric_bike,5,7,8,1953,9.56
casual,classic_bike,5,7,15,899,32.9
casual,classic_bike,6,7,10,485,41.02
casual,electric_bike,7,7,9,652,20.25
member,classic_bike,7,7,12,1025,14.46
member,electric_bike,1,7,2,124,10.77
casual,classic_bike,1,7,8,345,34.27
member,classic_bike,1,7,10,1108,15.04
casual,classic_bike,1,7,20,751,27.4
member,classic_bike,2,7,9,950,11.6
member,electric_bike,2,7,14,668,10.41
casual,electric_bike,2,7,18,970,15.78
casual,electric_bike,2,7,20,569,15.73
member,classic_bike,3,7,1,63,13.25
casual,classic_bike,3,7,6,222,20.21
member,electric_bike,3,7,21,809,12.14
casual,electric_bike,4,7,5,155,11.36
casual,classic_bike,5,7,13,882,33.18
casual,classic_bike,5,7,14,896,29.91
casual,classic_bike,7,7,3,96,30.57
member,electric_bike,7,7,11,872,12.81
casual,classic_bike,7,7,16,1626,34.15
casual,electric_bike,1,7,17,961,19.16
casual,electric_bike,1,7,22,340,17.42
casual,classic_bike,2,7,0,129,25.67
casual,electric_bike,2,7,7,344,8.75
member,classic_bike,3,7,3,29,21.45
casual,electric_bike,4,7,8,683,11.14
member,electric_bike,5,7,7,1757,9.62
member,classic_bike,6,7,12,1031,15.15
member,classic_bike,1,7,3,71,12.66
casual,classic_bike,1,7,6,87,37.85
casual,electric_bike,2,7,11,484,21.77
casual,electric_bike,4,7,7,626,9.38
member,classic_bike,6,8,0,168,18.36
casual,electric_bike,6,8,9,527,15.7
member,electric_bike,6,8,11,1016,12.52
member,classic_bike,6,8,22,652,13.86
member,classic_bike,7,8,0,361,13.4
casual,classic_bike,7,8,1,374,35.51
member,electric_bike,1,8,9,769,11.3
member,classic_bike,1,8,10,1488,15.37
casual,electric_bike,1,8,22,618,18.3
member,classic_bike,2,8,9,997,11.28
member,electric_bike,2,8,13,713,10.42
member,electric_bike,3,8,2,22,22.0
member,classic_bike,3,8,10,706,11.83
casual,electric_bike,4,8,18,972,14.51
member,electric_bike,5,8,20,784,12.32
casual,electric_bike,1,8,0,526,14.84
casual,classic_bike,1,8,11,1980,37.02
casual,classic_bike,1,8,20,892,23.83
casual,electric_bike,1,8,23,386,17.24
member,classic_bike,2,8,21,426,12.62
casual,classic_bike,3,8,8,377,26.47
member,electric_bike,4,8,15,1242,11.49
casual,electric_bike,4,8,20,557,14.46
member,electric_bike,7,8,7,392,10.71
casual,classic_bike,2,8,12,613,31.11
casual,electric_bike,3,8,12,453,17.68
casual,electric_bike,4,8,11,437,18.84
member,electric_bike,4,8,14,771,11.36
member,classic_bike,5,8,0,77,13.96
casual,electric_bike,5,8,9,336,14.2
member,classic_bike,6,8,23,506,13.5
casual,electric_bike,7,8,2,237,12.85
casual,classic_bike,1,8,8,548,41.96
casual,electric_bike,2,8,11,380,21.49
casual,classic_bike,2,8,19,708,25.21
casual,classic_bike,3,8,7,255,16.48
casual,electric_bike,3,8,19,598,14.3
casual,electric_bike,4,8,6,255,8.97
casual,classic_bike,5,8,14,706,31.37
casual,electric_bike,6,8,21,746,15.18
member,electric_bike,1,8,4,65,12.89
casual,classic_bike,2,9,2,56,37.86
casual,electric_bike,4,9,10,324,17.56
member,electric_bike,4,9,17,2277,12.12
casual,electric_bike,5,9,5,74,7.89
casual,electric_bike,5,9,7,531,8.86
casual,electric_bike,6,9,8,499,10.14
member,electric_bike,7,9,1,157,10.11
casual,classic_bike,7,9,12,1462,32.4
casual,electric_bike,7,9,18,955,16.85
member,classic_bike,2,9,5,242,15.08
casual,classic_bike,2,9,9,499,34.8
casual,classic_bike,2,9,21,291,21.35
casual,classic_bike,3,9,13,630,28.39
member,electric_bike,4,9,0,67,12.96
casual,electric_bike,4,9,14,530,15.71
member,electric_bike,4,9,23,175,11.48
member,electric_bike,5,9,14,862,11.08
member,classic_bike,7,9,9,897,13.68
member,electric_bike,1,9,8,431,10.82
member,electric_bike,1,9,20,496,10.57
member,electric_bike,3,9,20,800,10.77
casual,classic_bike,5,9,12,478,33.37
member,classic_bike,6,9,4,26,14.42
casual,classic_bike,1,9,10,959,33.6
member,electric_bike,1,9,18,1039,12.17
casual,electric_bike,2,9,10,505,19.57
member,classic_bike,4,9,5,272,11.85
casual,classic_bike,4,9,9,294,22.15
casual,electric_bike,5,9,6,267,8.24
member,classic_bike,5,9,21,648,12.1
casual,classic_bike,3,9,10,400,36.67
casual,electric_bike,3,9,21,576,13.41
member,electric_bike,4,10,5,284,6.92
member,electric_bike,4,10,20,782,9.89
casual,electric_bike,4,10,21,348,9.66
member,classic_bike,5,10,1,50,11.2
casual,electric_bike,5,10,17,1348,11.78
member,electric_bike,6,10,21,575,11.13
member,electric_bike,7,10,4,19,11.16
member,electric_bike,7,10,9,731,11.24
member,classic_bike,7,10,16,1321,14.75
casual,electric_bike,7,10,22,386,12.47
casual,electric_bike,7,10,23,280,10.93
casual,electric_bike,1,10,1,217,10.65
member,classic_bike,1,10,11,1057,19.33
member,electric_bike,1,10,17,946,13.07
member,electric_bike,1,10,19,621,10.62
casual,classic_bike,2,10,1,30,16.7
member,electric_bike,2,10,5,224,7.02
casual,electric_bike,2,10,9,277,11.96
member,electric_bike,2,10,11,520,9.99
member,classic_bike,2,10,22,337,10.83
casual,electric_bike,3,10,10,210,16.29
casual,electric_bike,3,10,13,287,13.31
member,electric_bike,3,10,17,2253,11.44
casual,classic_bike,5,10,5,43,25.51
casual,classic_bike,5,10,6,115,12.54
casual,classic_bike,5,10,8,362,15.64
casual,classic_bike,5,10,18,788,16.42
member,electric_bike,5,10,21,636,9.56
casual,electric_bike,6,10,0,218,10.89
casual,classic_bike,6,10,7,206,13.73
casual,classic_bike,7,10,11,1305,33.41
casual,electric_bike,7,10,12,1249,18.86
member,classic_bike,1,10,5,69,21.28
member,electric_bike,1,10,12,813,12.92
casual,classic_bike,2,10,14,604,31.2
casual,electric_bike,6,10,17,1348,13.57
casual,electric_bike,6,10,23,480,12.39
casual,classic_bike,7,10,7,174,25.89
casual,electric_bike,1,10,16,846,17.08
casual,electric_bike,4,10,9,318,9.22
casual,classic_bike,5,10,20,414,19.78
casual,electric_bike,5,10,22,361,9.62
casual,classic_bike,6,10,20,433,26.56
casual,electric_bike,3,10,16,794,11.19
casual,classic_bike,4,10,13,393,26.56
member,classic_bike,7,11,0,216,10.94
casual,electric_bike,7,11,4,43,10.56
member,electric_bike,7,11,5,44,12.02
member,electric_bike,7,11,11,778,10.29
casual,electric_bike,2,11,20,151,9.87
member,classic_bike,3,11,1,9,13.0
casual,electric_bike,3,11,19,209,7.3
member,electric_bike,3,11,21,350,9.1
casual,electric_bike,4,11,6,138,6.39
casual,classic_bike,4,11,19,160,18.91
member,electric_bike,5,11,5,119,6.29
member,electric_bike,5,11,6,470,7.8
member,electric_bike,5,11,11,396,10.69
member,classic_bike,5,11,19,713,14.95
member,electric_bike,6,11,6,380,7.92
member,classic_bike,6,11,12,773,10.45
member,classic_bike,6,11,23,207,10.36
casual,electric_bike,7,11,9,326,12.56
member,classic_bike,7,11,22,239,13.33
member,classic_bike,1,11,10,681,14.21
member,electric_bike,3,11,9,567,8.31
casual,electric_bike,3,11,22,126,8.79
casual,electric_bike,4,11,11,173,13.36
member,classic_bike,5,11,0,80,10.84
member,electric_bike,5,11,18,933,9.71
member,electric_bike,5,11,20,403,9.12
casual,classic_bike,6,11,13,350,26.84
casual,classic_bike,6,11,15,394,25.24
member,electric_bike,7,11,7,228,9.64
casual,classic_bike,7,11,16,562,27.43
member,electric_bike,7,11,18,584,10.76
member,electric_bike,7,11,20,299,11.14
member,classic_bike,1,11,1,118,23.69
member,electric_bike,1,11,9,386,9.42
member,classic_bike,1,11,16,858,13.35
member,electric_bike,1,11,21,213,9.14
member,classic_bike,3,11,13,667,11.46
member,electric_bike,4,11,10,359,9.14
casual,electric_bike,6,11,21,193,10.59
member,classic_bike,2,11,4,20,17.3
casual,electric_bike,5,11,9,210,9.64
casual,classic_bike,5,11,15,195,20.85
casual,electric_bike,6,11,4,26,5.46
member,electric_bike,2,12,4,18,7.0
member,classic_bike,2,12,15,463,15.8
member,classic_bike,5,12,7,416,12.06
member,classic_bike,6,12,18,366,10.74
member,classic_bike,6,12,20,182,16.4
member,classic_bike,7,12,8,183,13.88
casual,electric_bike,7,12,10,107,12.81
member,electric_bike,7,12,12,279,8.04
member,electric_bike,7,12,17,253,12.51
member,classic_bike,7,12,20,125,10.3
member,electric_bike,4,12,9,365,8.24
casual,electric_bike,4,12,23,48,8.1
member,classic_bike,5,12,8,544,12.56
member,electric_bike,5,12,17,607,10.37
casual,electric_bike,6,12,13,102,10.14
member,electric_bike,7,12,0,67,9.16
casual,electric_bike,7,12,14,158,13.07
member,electric_bike,1,12,16,187,11.92
member,classic_bike,2,12,14,331,14.81
casual,electric_bike,3,12,8,140,6.56
casual,classic_bike,4,12,6,21,7.52
member,classic_bike,4,12,14,377,14.3
casual,classic_bike,4,12,18,70,18.77
casual,electric_bike,5,12,1,17,8.94
member,electric_bike,5,12,19,260,8.94
member,electric_bike,5,12,22,99,7.91
casual,classic_bike,6,12,9,34,23.18
casual,electric_bike,6,12,10,54,8.28
member,classic_bike,6,12,11,308,14.53
member,electric_bike,6,12,12,311,8.94
member,electric_bike,6,12,17,510,10.02
member,electric_bike,7,12,19,174,10.38
member,electric_bike,7,12,23,92,10.18
casual,classic_bike,2,12,20,30,12.43
casual,electric_bike,3,12,7,123,6.35
member,classic_bike,4,12,15,511,12.98
casual,classic_bike,5,12,21,26,15.38
casual,classic_bike,4,1,13,65,18.77
casual,electric_bike,7,1,22,53,8.06
casual,electric_bike,1,1,15,77,7.36
member,electric_bike,2,1,6,263,6.83
member,electric_bike,3,1,19,265,7.74
casual,classic_bike,4,1,14,82,17.45
casual,electric_bike,5,1,19,57,8.81
member,electric_bike,1,1,0,68,9.16
member,classic_bike,3,1,5,101,8.46
member,classic_bike,3,1,20,190,12.98
casual,electric_bike,4,1,9,71,6.34
casual,electric_bike,5,1,17,212,8.83
casual,classic_bike,5,1,20,35,11.11
casual,electric_bike,6,1,23,71,8.9
casual,electric_bike,1,1,1,23,7.39
casual,electric_bike,4,1,21,45,7.53
casual,classic_bike,5,1,7,56,9.11
member,classic_bike,6,1,3,12,12.5
member,electric_bike,1,1,19,114,6.65
casual,electric_bike,3,1,13,44,8.41
member,classic_bike,5,1,1,16,11.94
member,classic_bike,7,2,9,324,9.46
member,classic_bike,2,2,5,95,10.62
member,classic_bike,2,2,8,730,9.94
casual,electric_bike,2,2,13,84,11.17
casual,electric_bike,2,2,16,205,8.52
member,electric_bike,2,2,23,48,8.96
member,electric_bike,3,2,5,112,5.69
member,classic_bike,4,2,6,276,8.8
casual,classic_bike,4,2,9,42,15.83
casual,classic_bike,5,2,17,138,26.3
member,classic_bike,6,2,4,11,10.64
casual,electric_bike,6,2,6,35,5.71
casual,electric_bike,6,2,18,137,9.19
member,classic_bike,6,2,21,153,9.59
casual,electric_bike,7,2,7,22,6.95
casual,electric_bike,7,2,8,66,7.18
casual,classic_bike,1,2,1,29,10.79
casual,classic_bike,1,2,16,119,42.0
member,classic_bike,2,2,6,279,9.05
casual,electric_bike,7,2,20,59,10.42
casual,electric_bike,4,2,14,75,8.77
casual,electric_bike,5,2,6,44,5.2
casual,electric_bike,5,2,7,117,6.79
casual,electric_bike,6,2,5,22,5.95
casual,electric_bike,6,2,7,92,6.17
member,electric_bike,7,2,3,22,8.59
member,electric_bike,7,2,14,274,11.46
member,electric_bike,1,2,8,119,7.52
member,classic_bike,1,2,23,35,12.29
casual,electric_bike,2,2,14,114,10.62
member,electric_bike,4,2,22,69,7.96
member,classic_bike,5,2,4,6,6.17
casual,electric_bike,1,3,1,75,29.25
member,electric_bike,2,3,5,154,5.26
member,electric_bike,2,3,20,428,9.13
casual,classic_bike,1,3,21,69,16.8
casual,electric_bike,3,3,3,12,12.0
member,classic_bike,3,3,6,341,9.53
casual,classic_bike,4,3,10,111,16.34
casual,classic_bike,4,3,15,121,17.85
member,electric_bike,5,3,9,456,8.28
casual,classic_bike,7,3,18,443,21.61
casual,classic_bike,5,3,18,251,14.42
casual,electric_bike,7,3,12,558,18.03
casual,electric_bike,7,3,22,127,11.33
casual,electric_bike,5,3,12,176,12.46
member,electric_bike,6,3,4,17,14.0
member,classic_bike,3,4,0,61,9.52
member,classic_bike,4,4,20,625,11.67
casual,classic_bike,5,4,19,273,15.07
casual,electric_bike,7,4,11,453,18.39
member,electric_bike,3,4,5,199,8.03
casual,classic_bike,4,4,9,154,16.45
member,electric_bike,4,4,23,145,9.02
casual,classic_bike,6,4,0,47,11.28
casual,electric_bike,6,4,6,111,5.42
casual,electric_bike,6,4,8,263,9.69
member,classic_bike,7,4,4,18,8.5
casual,classic_bike,7,4,17,616,31.28
casual,classic_bike,1,4,14,664,34.01
casual,electric_bike,2,4,13,246,17.32
casual,classic_bike,3,4,10,216,29.97
member,classic_bike,3,4,23,137,10.39
member,classic_bike,5,4,21,364,11.53
casual,classic_bike,1,4,16,597,30.89
casual,classic_bike,4,4,4,11,69.27
casual,electric_bike,1,4,2,77,9.45
member,classic_bike,6,5,22,398,11.74
casual,classic_bike,5,5,1,30,39.67
member,electric_bike,6,5,5,202,8.71
casual,electric_bike,3,5,0,73,17.14
casual,classic_bike,3,5,18,673,27.47
casual,electric_bike,3,5,19,351,13.47
casual,electric_bike,4,5,5,60,6.97
casual,classic_bike,4,5,12,279,22.06
casual,electric_bike,3,5,23,86,8.85
casual,electric_bike,4,5,20,249,11.08
member,classic_bike,6,5,23,326,11.94
member,classic_bike,7,5,0,238,18.16
casual,classic_bike,3,5,6,67,26.57
casual,electric_bike,3,5,22,205,11.97
casual,electric_bike,4,5,6,161,7.45
casual,electric_bike,1,6,12,1228,19.44
casual,electric_bike,2,6,6,226,8.88
casual,electric_bike,2,6,8,419,10.7
casual,electric_bike,2,6,18,956,16.32
casual,classic_bike,5,6,3,14,24.79
member,electric_bike,5,6,5,164,8.4
casual,classic_bike,5,6,16,1094,27.05
member,classic_bike,6,6,0,121,12.47
member,classic_bike,7,6,0,270,15.68
member,classic_bike,2,6,4,54,16.07
casual,electric_bike,2,6,20,557,14.85
member,classic_bike,3,6,10,680,12.68
casual,electric_bike,3,6,19,613,15.66
casual,classic_bike,4,6,12,475,33.29
member,electric_bike,4,6,15,797,11.07
casual,electric_bike,5,6,9,339,14.89
casual,classic_bike,6,6,10,568,32.05
casual,classic_bike,3,6,6,155,28.62
casual,electric_bike,4,6,7,307,9.41
casual,electric_bike,4,6,20,381,15.56
casual,electric_bike,2,6,11,495,21.49
casual,classic_bike,3,7,7,381,19.16
casual,electric_bike,3,7,23,230,15.11
casual,electric_bike,4,7,20,712,15.42
member,electric_bike,6,7,5,141,9.18
casual,classic_bike,7,7,10,1213,36.6
casual,electric_bike,1,7,19,762,19.5
casual,electric_bike,4,7,6,365,8.86
casual,classic_bike,4,7,17,1574,24.95
member,classic_bike,7,7,19,1006,17.94
member,classic_bike,1,7,1,189,11.62
casual,classic_bike,2,7,23,125,39.18
casual,classic_bike,4,7,22,534,23.03
casual,electric_bike,5,7,4,42,10.71
casual,classic_bike,3,7,8,620,18.24
casual,electric_bike,5,7,2,71,11.18
member,classic_bike,5,7,23,249,17.08
casual,electric_bike,1,7,23,222,13.59
casual,classic_bike,2,7,19,1034,27.5
member,electric_bike,6,8,5,218,8.77
member,electric_bike,7,8,6,273,13.62
member,electric_bike,1,8,2,151,11.22
casual,classic_bike,2,8,0,128,33.16
casual,classic_bike,2,8,17,1070,22.88
casual,electric_bike,2,8,20,384,15.15
casual,electric_bike,3,8,0,102,16.61
casual,electric_bike,3,8,22,320,12.85
casual,electric_bike,4,8,5,93,8.45
member,electric_bike,5,8,6,764,9.02
casual,electric_bike,6,8,2,103,14.5
casual,classic_bike,6,8,3,47,21.32
casual,electric_bike,7,8,9,851,17.67
casual,electric_bike,2,8,18,743,14.06
member,electric_bike,3,8,21,594,11.24
member,electric_bike,5,8,5,169,7.46
casual,classic_bike,3,8,6,130,17.62
casual,classic_bike,4,8,12,566,31.06
casual,classic_bike,5,8,10,548,41.86
casual,electric_bike,5,8,21,476,14.24
member,classic_bike,7,8,23,456,17.55
casual,electric_bike,2,8,5,66,7.05
member,electric_bike,7,8,5,110,10.9
member,electric_bike,2,9,0,152,11.38
casual,electric_bike,3,9,2,55,11.93
casual,electric_bike,5,9,8,609,9.01
casual,classic_bike,5,9,19,556,20.24
member,electric_bike,6,9,10,638,10.29
casual,electric_bike,6,9,20,542,12.8
casual,classic_bike,6,9,22,386,31.24
casual,electric_bike,7,9,6,132,12.9
casual,classic_bike,7,9,17,1265,29.14
casual,electric_bike,1,9,21,316,13.64
casual,electric_bike,4,9,13,408,14.64
casual,electric_bike,4,9,16,971,13.43
member,electric_bike,4,9,19,1054,11.19
casual,electric_bike,5,9,20,423,12.97
casual,classic_bike,1,9,1,221,20.43
member,electric_bike,1,9,5,71,11.96
casual,electric_bike,3,9,9,374,11.6
casual,electric_bike,4,9,15,630,14.55
casual,classic_bike,4,9,21,325,18.71
casual,electric_bike,6,9,18,1108,14.07
member,electric_bike,1,9,6,129,16.99
casual,electric_bike,2,9,13,899,19.74
member,electric_bike,2,9,23,226,11.92
member,classic_bike,3,9,23,197,17.58
casual,classic_bike,4,10,14,419,30.5
casual,classic_bike,5,10,7,245,14.17
casual,electric_bike,5,10,12,503,13.45
casual,electric_bike,5,10,23,435,11.14
member,classic_bike,7,10,1,148,14.59
member,electric_bike,7,10,2,109,11.47
casual,electric_bike,7,10,19,530,12.89
member,electric_bike,1,10,22,237,11.15
member,classic_bike,3,10,5,179,12.28
casual,electric_bike,3,10,14,373,15.0
casual,classic_bike,4,10,15,448,19.35
casual,classic_bike,6,10,6,99,30.39
casual,electric_bike,6,10,22,495,12.91
casual,classic_bike,7,10,20,322,25.95
member,electric_bike,7,10,21,347,10.93
casual,classic_bike,1,10,2,146,20.68
casual,electric_bike,1,10,13,868,17.24
member,electric_bike,2,10,6,607,8.25
member,classic_bike,2,10,23,107,15.79
member,classic_bike,6,10,1,71,12.13
casual,electric_bike,6,10,12,837,17.41
casual,electric_bike,6,10,19,657,11.66
member,electric_bike,1,10,23,136,9.21
member,classic_bike,4,10,22,405,13.52
casual,electric_bike,5,10,0,148,9.95
member,electric_bike,6,10,2,30,8.93
member,classic_bike,4,10,23,202,16.01
casual,electric_bike,3,11,23,76,8.89
casual,electric_bike,4,11,7,296,7.2
casual,electric_bike,4,11,8,315,7.64
casual,electric_bike,6,11,9,210,10.32
casual,classic_bike,6,11,14,353,22.35
casual,classic_bike,6,11,16,430,25.99
member,classic_bike,6,11,22,242,14.38
casual,electric_bike,7,11,21,201,13.0
casual,classic_bike,1,11,7,58,35.41
casual,electric_bike,1,11,12,477,16.72
casual,classic_bike,1,11,18,136,12.85
casual,electric_bike,1,11,23,79,10.2
casual,electric_bike,4,11,18,323,9.93
casual,electric_bike,4,11,20,160,9.23
member,classic_bike,5,11,22,291,12.11
casual,electric_bike,2,11,7,203,7.23
casual,classic_bike,3,11,7,63,21.63
casual,classic_bike,3,11,18,212,17.16
member,electric_bike,4,11,3,20,7.5
member,electric_bike,1,11,4,35,9.63
casual,classic_bike,3,11,8,131,17.21
member,electric_bike,4,11,1,28,9.82
casual,classic_bike,5,11,3,12,11.08
member,classic_bike,5,12,18,433,11.03
member,classic_bike,7,12,18,235,10.46
casual,electric_bike,2,12,12,75,9.41
casual,electric_bike,2,12,23,29,7.76
casual,electric_bike,3,12,18,124,7.67
casual,electric_bike,5,12,14,98,12.57
member,classic_bike,6,12,7,277,9.16
casual,electric_bike,6,12,15,144,10.58
casual,electric_bike,7,12,13,113,9.12
member,electric_bike,1,12,14,196,9.81
casual,electric_bike,2,12,19,85,9.72
casual,classic_bike,4,12,7,38,24.18
casual,classic_bike,4,12,8,47,11.4
casual,electric_bike,4,12,17,198,8.82
casual,classic_bike,5,12,9,46,12.37
casual,electric_bike,5,12,16,162,8.65
member,classic_bike,1,12,9,108,14.45
casual,classic_bike,1,12,23,13,7.54
member,classic_bike,2,12,10,241,12.31
casual,electric_bike,2,12,17,132,9.45
casual,classic_bike,3,12,17,102,21.47
member,electric_bike,1,12,13,142,11.01
casual,classic_bike,4,12,11,57,41.39
casual,classic_bike,6,1,6,14,6.07
casual,classic_bike,7,1,7,13,9.31
casual,electric_bike,7,1,12,96,9.96
member,classic_bike,1,1,6,22,7.5
member,classic_bike,3,1,7,489,11.08
casual,electric_bike,2,1,4,2,3.5
casual,electric_bike,1,1,10,46,6.17
member,electric_bike,1,1,22,64,7.97
casual,electric_bike,3,1,1,10,7.5
casual,classic_bike,3,1,2,1,4.0
member,classic_bike,1,1,7,71,13.28
member,classic_bike,2,1,23,44,7.43
member,electric_bike,3,1,0,24,8.67
casual,electric_bike,3,1,10,40,9.35
casual,electric_bike,3,1,16,129,8.27
casual,classic_bike,5,1,8,84,10.4
member,electric_bike,1,2,6,42,7.93
casual,electric_bike,1,2,21,39,10.77
casual,classic_bike,3,2,10,39,45.1
casual,classic_bike,7,2,17,72,20.68
member,classic_bike,3,2,22,87,9.09
casual,electric_bike,6,2,8,95,7.45
casual,electric_bike,7,2,18,61,9.54
casual,electric_bike,4,2,13,56,7.55
casual,electric_bike,6,2,11,106,9.7
member,classic_bike,1,3,7,195,11.29
casual,classic_bike,5,3,7,62,8.24
casual,electric_bike,1,3,10,223,13.33
casual,classic_bike,2,3,13,248,24.94
casual,classic_bike,2,3,16,442,26.45
member,classic_bike,4,3,23,64,8.75
casual,classic_bike,5,3,11,120,23.23
casual,electric_bike,5,3,19,171,10.68
casual,classic_bike,3,3,21,67,20.82
casual,classic_bike,4,3,13,101,15.77
casual,classic_bike,6,3,8,107,20.07
casual,electric_bike,6,3,23,226,13.74
casual,electric_bike,7,3,19,253,11.94
casual,classic_bike,2,3,15,324,22.95
casual,electric_bike,6,3,12,336,16.94
casual,classic_bike,6,3,20,310,20.65
member,electric_bike,7,3,4,28,18.04
casual,classic_bike,5,4,23,58,11.57
casual,electric_bike,6,4,11,316,17.74
member,electric_bike,1,4,5,23,8.78
casual,electric_bike,2,4,14,318,16.21
casual,classic_bike,3,4,15,415,31.19
member,classic_bike,5,4,2,17,8.59
casual,electric_bike,5,4,11,230,15.25
member,electric_bike,7,4,1,90,8.7
casual,electric_bike,4,4,1,27,8.89
member,electric_bike,1,4,6,102,16.87
casual,electric_bike,1,4,9,208,15.0
casual,classic_bike,3,4,1,18,14.78
casual,classic_bike,4,4,21,173,12.51
casual,classic_bike,5,4,0,42,20.21
casual,classic_bike,5,4,17,422,22.68
casual,electric_bike,2,4,1,27,21.11
casual,electric_bike,3,4,4,19,6.37
member,classic_bike,7,5,23,308,12.74
casual,electric_bike,2,5,5,52,6.6
casual,classic_bike,2,5,19,431,29.76
casual,classic_bike,3,5,7,199,15.1
casual,classic_bike,3,5,20,321,27.41
casual,classic_bike,5,5,13,500,32.62
casual,electric_bike,7,5,2,109,11.21
casual,classic_bike,1,5,11,779,37.62
casual,electric_bike,1,5,19,435,15.27
member,electric_bike,2,5,1,55,11.05
casual,electric_bike,3,5,12,242,16.86
casual,classic_bike,4,5,0,68,29.66
member,classic_bike,6,5,0,109,10.79
casual,classic_bike,6,5,13,849,34.52
casual,classic_bike,2,5,0,77,31.16
casual,electric_bike,2,5,20,234,16.32
casual,electric_bike,6,5,4,24,7.08
casual,electric_bike,3,6,23,177,10.5
casual,classic_bike,5,6,10,534,30.99
casual,classic_bike,2,6,0,213,25.6
casual,classic_bike,6,6,1,104,43.13
casual,electric_bike,1,6,22,344,17.53
casual,electric_bike,7,6,2,184,13.99
member,classic_bike,4,6,2,22,8.23
member,classic_bike,6,7,0,114,12.75
casual,classic_bike,6,7,1,105,16.78
casual,classic_bike,2,7,12,543,31.11
casual,classic_bike,2,7,22,254,20.28
casual,classic_bike,3,7,11,749,40.43
casual,electric_bike,3,7,22,411,15.9
casual,electric_bike,7,7,2,212,15.04
member,electric_bike,3,7,4,60,9.22
casual,classic_bike,4,7,0,145,22.47
casual,electric_bike,6,7,2,92,11.03
member,classic_bike,2,7,2,24,9.63
casual,classic_bike,3,7,5,86,24.69
casual,classic_bike,4,7,12,808,31.22
member,classic_bike,3,8,3,15,11.6
casual,classic_bike,4,8,22,392,29.22
casual,electric_bike,5,8,4,38,13.24
member,electric_bike,3,8,4,39,6.64
casual,classic_bike,1,8,6,151,38.77
casual,classic_bike,3,9,14,626,34.46
casual,electric_bike,4,9,3,28,11.11
casual,electric_bike,1,9,4,69,10.99
member,electric_bike,4,9,22,381,10.86
member,classic_bike,5,9,2,19,13.16
casual,electric_bike,5,9,11,380,18.16
member,classic_bike,1,9,22,239,11.42
casual,electric_bike,3,9,4,37,7.05
casual,classic_bike,3,9,16,921,22.62
casual,classic_bike,5,9,22,267,28.79
member,classic_bike,7,9,2,81,11.47
casual,electric_bike,7,9,7,184,12.45
casual,electric_bike,7,9,8,322,15.64
casual,classic_bike,2,10,15,605,30.43
casual,classic_bike,7,10,8,390,26.25
casual,classic_bike,3,10,21,156,35.05
member,classic_bike,4,10,0,81,21.68
casual,classic_bike,4,10,16,616,19.17
casual,electric_bike,2,10,2,49,14.24
casual,classic_bike,3,10,2,15,11.53
casual,electric_bike,1,11,0,217,9.42
casual,electric_bike,2,11,8,206,8.16
member,electric_bike,2,11,10,314,9.8
casual,electric_bike,2,11,11,158,14.3
casual,classic_bike,2,11,17,214,22.4
casual,classic_bike,2,11,19,117,17.04
casual,classic_bike,6,11,10,179,27.48
casual,classic_bike,7,11,1,210,22.58
member,electric_bike,7,11,6,112,9.42
casual,classic_bike,4,11,23,56,24.5
member,classic_bike,7,11,23,210,26.88
casual,classic_bike,2,11,12,187,26.27
casual,classic_bike,2,11,22,60,37.77
casual,electric_bike,3,11,0,48,7.58
casual,classic_bike,5,11,14,220,24.79
casual,electric_bike,5,11,21,153,9.59
casual,classic_bike,7,11,3,62,22.71
casual,electric_bike,1,11,17,279,11.46
casual,classic_bike,2,11,23,67,22.72
member,classic_bike,2,12,1,9,12.89
casual,electric_bike,4,12,0,43,9.65
member,classic_bike,5,12,6,155,12.92
casual,electric_bike,5,12,10,54,14.22
member,electric_bike,5,12,12,262,9.35
casual,electric_bike,5,12,15,111,9.79
casual,electric_bike,7,12,1,54,7.54
casual,classic_bike,7,12,9,29,17.97
casual,classic_bike,3,12,12,79,38.24
member,electric_bike,4,12,4,19,6.79
casual,electric_bike,6,12,14,139,11.55
member,electric_bike,6,12,22,102,8.97
casual,electric_bike,1,12,7,10,11.1
member,classic_bike,3,12,4,15,16.67
member,electric_bike,4,12,21,189,8.79
member,electric_bike,7,12,22,110,9.38
casual,classic_bike,1,12,22,16,14.0
casual,classic_bike,4,12,5,12,14.25
member,electric_bike,6,12,0,45,8.64
casual,classic_bike,1,12,17,34,46.18
casual,classic_bike,1,12,19,26,48.0
member,electric_bike,2,12,21,130,8.35
member,classic_bike,4,1,0,52,14.96
member,classic_bike,1,1,20,103,10.39
casual,classic_bike,4,1,16,100,17.72
casual,electric_bike,1,1,13,59,9.73
casual,classic_bike,1,1,21,15,12.93
casual,electric_bike,2,2,10,49,7.92
casual,electric_bike,2,2,15,126,9.48
casual,electric_bike,3,2,9,64,10.86
casual,electric_bike,1,3,3,59,11.85
member,classic_bike,4,3,0,33,11.64
casual,electric_bike,4,3,4,14,17.07
casual,classic_bike,3,3,9,107,18.07
member,classic_bike,1,3,6,85,9.44
casual,electric_bike,3,4,21,171,11.93
casual,electric_bike,7,4,20,178,14.08
casual,classic_bike,6,4,17,509,38.73
casual,classic_bike,1,4,1,82,13.9
casual,classic_bike,2,4,21,148,26.0
member,electric_bike,7,5,5,60,13.88
casual,classic_bike,4,5,23,88,21.42
casual,electric_bike,5,5,4,26,6.23
casual,classic_bike,2,5,22,116,28.88
casual,classic_bike,6,5,1,189,29.42
casual,classic_bike,1,5,6,76,53.66
casual,electric_bike,2,5,8,251,10.45
casual,classic_bike,3,5,8,239,15.55
casual,electric_bike,5,5,2,26,7.88
casual,electric_bike,2,5,11,389,20.47
member,classic_bike,1,6,1,183,17.51
casual,electric_bike,3,6,22,220,12.99
casual,classic_bike,4,6,0,103,33.83
casual,classic_bike,1,6,8,535,28.67
member,electric_bike,7,6,5,69,10.43
casual,classic_bike,5,7,10,578,38.63
casual,electric_bike,6,7,4,39,13.62
member,electric_bike,2,7,1,56,9.36
casual,classic_bike,5,7,1,84,29.12
casual,electric_bike,2,7,5,90,9.36
member,electric_bike,7,7,5,79,12.54
member,classic_bike,2,7,4,40,10.7
casual,classic_bike,2,8,22,162,20.91
casual,classic_bike,5,8,13,674,30.63
casual,classic_bike,3,8,11,530,37.21
member,classic_bike,4,8,2,23,11.17
casual,classic_bike,3,8,20,514,25.93
casual,electric_bike,3,8,23,170,12.78
casual,classic_bike,6,9,23,350,33.67
casual,classic_bike,6,9,0,129,20.66
casual,electric_bike,6,9,5,57,12.14
member,electric_bike,7,9,3,54,9.07
member,classic_bike,1,9,0,262,14.64
member,electric_bike,2,9,22,427,10.21
casual,electric_bike,2,9,3,75,13.73
casual,classic_bike,7,10,18,779,24.92
casual,classic_bike,3,10,9,237,24.75
casual,electric_bike,4,10,2,42,11.38
casual,electric_bike,4,10,4,38,6.84
member,electric_bike,1,10,0,218,9.89
casual,electric_bike,3,10,3,21,8.67
member,electric_bike,1,11,2,73,9.12
casual,classic_bike,1,11,6,22,27.09
casual,classic_bike,3,11,11,150,22.18
casual,classic_bike,6,11,1,30,10.17
casual,classic_bike,4,11,0,27,11.7
casual,electric_bike,5,11,2,34,7.71
casual,classic_bike,5,11,16,233,30.15
casual,electric_bike,2,11,5,36,9.33
casual,classic_bike,4,11,12,168,22.13
member,classic_bike,4,11,2,10,11.2
casual,electric_bike,2,12,22,37,10.51
casual,electric_bike,7,12,15,156,13.17
casual,classic_bike,2,12,6,18,6.83
casual,electric_bike,4,12,19,78,11.13
casual,electric_bike,5,12,13,65,11.03
casual,electric_bike,1,12,11,54,10.24
casual,electric_bike,1,12,18,60,7.35
casual,classic_bike,2,12,11,44,28.5
casual,classic_bike,3,12,23,38,25.21
casual,electric_bike,4,1,2,43,11.0
casual,electric_bike,7,1,19,44,8.93
casual,electric_bike,2,1,9,41,7.29
member,electric_bike,3,1,23,46,8.59
casual,electric_bike,6,1,19,80,10.56
casual,classic_bike,5,1,5,11,8.45
casual,classic_bike,1,2,10,76,19.38
casual,classic_bike,1,2,14,111,46.98
casual,electric_bike,4,2,3,8,5.75
casual,electric_bike,1,3,16,261,16.36
casual,classic_bike,2,3,10,108,22.79
casual,electric_bike,3,3,1,20,9.6
casual,electric_bike,4,3,21,65,7.2
casual,classic_bike,6,3,6,20,9.0
member,classic_bike,7,4,2,43,10.65
casual,electric_bike,7,4,7,79,12.05
member,electric_bike,4,4,0,69,9.7
member,electric_bike,5,4,1,29,10.21
casual,classic_bike,5,4,22,117,19.84
casual,classic_bike,3,4,13,340,31.43
member,classic_bike,1,5,3,34,10.09
casual,classic_bike,1,5,8,214,32.69
casual,classic_bike,4,5,22,118,33.97
casual,electric_bike,2,5,6,121,7.58
casual,electric_bike,1,5,23,161,14.46
casual,classic_bike,5,5,10,312,37.81
casual,classic_bike,4,6,23,156,17.29
member,electric_bike,7,6,6,191,10.03
casual,electric_bike,5,6,4,38,9.5
casual,electric_bike,4,6,5,68,11.12
casual,electric_bike,6,6,2,68,11.69
casual,classic_bike,7,7,1,256,36.38
casual,electric_bike,7,7,4,58,14.17
casual,electric_bike,7,8,4,67,9.21
member,classic_bike,1,8,3,70,14.24
casual,classic_bike,3,8,5,51,19.92
member,electric_bike,2,8,1,51,11.08
member,electric_bike,2,8,3,19,10.53
casual,classic_bike,4,8,23,221,26.93
member,classic_bike,5,9,4,31,11.39
casual,classic_bike,5,9,23,135,20.25
member,electric_bike,6,9,3,23,12.17
member,classic_bike,6,9,2,20,8.35
casual,electric_bike,1,9,2,213,11.43
casual,electric_bike,1,10,3,102,14.22
casual,classic_bike,5,10,11,507,37.14
casual,classic_bike,7,10,6,72,37.39
member,classic_bike,3,11,3,3,13.0
casual,classic_bike,3,11,6,34,7.18
casual,classic_bike,4,11,22,79,24.34
casual,classic_bike,5,11,13,158,25.37
casual,classic_bike,5,11,10,120,20.15
member,classic_bike,2,11,2,9,8.11
member,classic_bike,6,12,5,64,25.02
member,classic_bike,7,12,6,46,10.39
casual,classic_bike,2,12,18,61,10.54
member,electric_bike,1,12,10,111,8.48
casual,electric_bike,3,12,20,61,7.8
casual,classic_bike,5,1,11,80,15.21
casual,classic_bike,2,1,16,39,57.72
casual,classic_bike,5,1,18,82,37.11
casual,electric_bike,4,2,15,110,8.64
member,electric_bike,6,2,1,25,7.4
member,electric_bike,7,2,1,42,8.55
casual,classic_bike,1,2,13,128,24.99
casual,classic_bike,5,3,6,22,10.09
casual,classic_bike,6,3,7,57,21.26
casual,classic_bike,1,3,2,37,64.73
casual,classic_bike,6,4,23,84,25.08
casual,classic_bike,4,4,2,16,13.38
member,classic_bike,1,4,23,96,12.38
member,electric_bike,2,4,0,46,8.11
casual,electric_bike,6,6,4,36,10.75
casual,classic_bike,6,8,1,135,25.25
member,electric_bike,4,8,3,21,28.71
casual,classic_bike,5,8,1,48,20.5
member,classic_bike,3,9,0,101,11.61
casual,classic_bike,7,10,5,31,13.58
member,classic_bike,7,10,3,46,25.13
casual,classic_bike,3,11,20,110,16.46
casual,electric_bike,2,12,0,20,10.15
member,electric_bike,5,12,0,36,8.14
casual,classic_bike,1,12,12,43,13.65
casual,classic_bike,3,12,22,19,12.0
member,electric_bike,6,12,23,78,9.58
casual,classic_bike,3,1,9,42,26.5
casual,electric_bike,3,1,15,89,9.21
casual,classic_bike,3,1,4,3,6.67
casual,classic_bike,2,1,15,37,17.68
member,classic_bike,7,1,3,8,5.13
casual,classic_bike,7,2,0,28,8.43
casual,classic_bike,6,2,19,56,30.93
member,classic_bike,3,2,0,11,8.18
casual,classic_bike,7,2,19,39,19.31
casual,classic_bike,2,3,1,17,15.94
casual,classic_bike,7,3,20,205,24.52
casual,electric_bike,6,4,5,31,7.55
casual,electric_bike,5,4,5,39,8.08
casual,classic_bike,7,4,0,87,30.93
casual,classic_bike,3,5,5,22,14.0
member,electric_bike,7,5,6,161,18.08
member,classic_bike,3,6,3,15,14.67
member,electric_bike,1,7,4,43,10.63
casual,classic_bike,1,8,7,317,55.31
casual,classic_bike,7,8,3,118,28.48
casual,classic_bike,1,10,4,52,16.13
casual,classic_bike,3,11,5,24,16.75
casual,classic_bike,2,11,0,23,8.57
casual,classic_bike,1,11,5,14,41.5
casual,classic_bike,6,12,21,38,12.79
casual,electric_bike,1,12,20,37,8.35
member,electric_bike,3,12,1,19,11.11
casual,classic_bike,4,1,3,10,8.9
casual,classic_bike,4,1,10,50,26.04
casual,electric_bike,6,1,12,74,9.91
casual,classic_bike,6,1,7,26,7.65
casual,classic_bike,4,2,21,25,19.28
member,electric_bike,4,2,23,53,10.06
member,classic_bike,6,4,2,17,10.12
casual,classic_bike,1,6,6,148,24.11
member,electric_bike,3,6,4,37,7.38
member,classic_bike,4,7,2,25,13.36
member,classic_bike,3,8,1,21,6.86
member,classic_bike,4,8,4,30,13.8
casual,electric_bike,3,12,5,33,5.03
casual,classic_bike,1,12,0,29,16.9
casual,classic_bike,6,1,11,37,35.78
member,electric_bike,1,1,23,23,8.22
casual,classic_bike,2,1,10,24,21.75
member,electric_bike,1,3,23,85,8.84
member,classic_bike,2,3,0,45,7.4
casual,electric_bike,5,3,0,31,7.52
casual,classic_bike,1,5,5,34,38.88
casual,classic_bike,1,6,5,72,36.71
casual,classic_bike,5,6,1,58,55.53
member,classic_bike,3,6,1,37,15.73
member,electric_bike,2,6,1,76,8.64
casual,classic_bike,5,9,0,84,23.63
member,electric_bike,5,9,3,15,11.0
member,electric_bike,5,10,4,44,7.5
casual,classic_bike,7,12,2,22,36.73
casual,classic_bike,6,1,18,76,15.99
casual,electric_bike,5,1,22,49,9.43
member,classic_bike,1,1,8,129,10.15
casual,electric_bike,1,1,16,58,9.26
casual,classic_bike,5,2,22,30,14.03
casual,electric_bike,3,2,2,8,5.88
casual,classic_bike,6,2,0,17,12.35
casual,classic_bike,1,4,3,41,10.07
casual,electric_bike,4,4,3,16,8.31
casual,classic_bike,1,7,7,162,42.42
member,electric_bike,4,7,1,55,14.75
casual,classic_bike,1,9,3,61,17.89
member,electric_bike,4,12,2,9,19.67
casual,classic_bike,7,1,11,71,27.41
casual,classic_bike,1,1,4,7,12.14
member,classic_bike,4,1,23,39,10.08
member,electric_bike,5,2,1,10,6.0
casual,classic_bike,3,2,16,100,16.68
casual,classic_bike,3,4,3,16,40.19
member,classic_bike,2,5,2,20,10.45
casual,electric_bike,5,6,2,42,12.19
casual,classic_bike,1,6,7,240,36.53
casual,classic_bike,4,8,0,82,35.57
casual,electric_bike,4,9,1,44,12.32
member,electric_bike,5,10,2,24,8.58
casual,classic_bike,6,10,5,43,9.67
member,electric_bike,3,10,0,40,9.75
casual,electric_bike,7,12,3,23,11.39
casual,classic_bike,7,12,21,37,10.54
member,electric_bike,4,7,3,27,20.52
casual,classic_bike,7,1,20,37,9.46
casual,classic_bike,2,4,2,16,50.88
casual,classic_bike,5,5,3,9,13.11
member,classic_bike,2,8,2,13,8.77
member,classic_bike,5,12,5,52,9.27
casual,classic_bike,3,12,0,20,10.8
member,electric_bike,7,3,2,61,9.87
casual,classic_bike,1,11,20,70,21.16
member,classic_bike,3,5,1,29,18.48
casual,electric_bike,4,11,5,52,6.1
casual,classic_bike,2,1,13,44,33.36
casual,classic_bike,7,1,8,30,11.9
casual,classic_bike,4,3,1,11,15.0
member,classic_bike,7,12,5,21,14.14
casual,classic_bike,3,2,15,88,20.0
member,classic_bike,1,3,5,24,13.75
member,classic_bike,6,10,3,25,10.64
casual,electric_bike,2,10,4,29,8.79
casual,classic_bike,2,9,4,29,41.66
member,electric_bike,6,1,4,16,6.69
casual,classic_bike,6,2,12,78,27.97
casual,classic_bike,7,6,3,82,32.09
casual,classic_bike,3,9,1,67,20.54
casual,electric_bike,5,11,4,23,9.96
casual,electric_bike,7,1,23,58,8.48
casual,electric_bike,6,3,0,70,9.13
casual,classic_bike,2,12,8,36,13.03
casual,classic_bike,2,10,3,16,106.12
member,classic_bike,1,11,3,30,13.6
casual,classic_bike,1,8,5,77,39.12
member,electric_bike,5,3,2,14,19.07
member,classic_bike,6,2,2,12,11.42
member,electric_bike,2,11,1,22,15.41
casual,classic_bike,3,12,19,45,17.02
member,electric_bike,3,5,4,32,8.31
casual,classic_bike,5,12,2,4,14.5
casual,electric_bike,7,6,4,54,13.89
casual,classic_bike,5,11,1,29,17.48
casual,classic_bike,6,2,22,22,13.41
casual,electric_bike,3,4,2,35,13.09
member,classic_bike,7,9,4,19,12.68
casual,classic_bike,6,2,23,15,27.67
casual,classic_bike,4,9,2,16,84.37
casual,classic_bike,5,8,3,19,28.79
member,classic_bike,6,1,1,11,13.36
casual,electric_bike,2,3,4,14,7.14
member,electric_bike,2,12,2,11,7.82
casual,electric_bike,2,2,1,11,6.18
member,electric_bike,4,2,0,24,8.92
member,classic_bike,5,3,1,14,13.43
member,classic_bike,5,4,4,24,11.25
member,electric_bike,3,5,2,21,9.0
member,classic_bike,2,6,2,28,10.32
casual,electric_bike,7,9,5,51,12.14
member,electric_bike,3,11,4,32,5.78
casual,electric_bike,3,12,6,42,4.98
casual,electric_bike,5,1,23,37,8.0
casual,electric_bike,5,1,0,21,6.19
casual,electric_bike,2,1,21,30,8.53
casual,electric_bike,1,2,4,14,5.43
casual,electric_bike,7,4,5,12,8.83
member,electric_bike,5,4,3,19,10.32
casual,classic_bike,6,5,3,19,12.79
casual,classic_bike,1,7,5,58,55.5
member,classic_bike,3,12,2,7,8.86
casual,electric_bike,1,12,5,6,5.33
casual,electric_bike,6,1,0,25,6.16
member,classic_bike,2,1,0,10,11.4
casual,classic_bike,4,2,2,3,4.33
casual,classic_bike,7,2,23,27,11.67
casual,classic_bike,1,3,4,20,31.2
casual,classic_bike,6,7,3,36,13.17
casual,electric_bike,1,12,8,13,5.08
casual,classic_bike,2,12,7,28,32.25
member,classic_bike,1,12,2,21,13.57
casual,classic_bike,1,1,2,16,12.19
casual,electric_bike,4,1,4,9,8.89
member,electric_bike,4,6,3,9,9.56
casual,classic_bike,6,6,3,29,15.72
casual,classic_bike,4,10,1,37,12.81
casual,classic_bike,2,12,5,10,8.0
casual,electric_bike,5,12,3,8,9.5
casual,classic_bike,3,2,13,55,20.13
casual,classic_bike,7,5,3,40,42.38
member,electric_bike,1,5,4,22,9.45
member,electric_bike,2,5,3,23,8.09
member,classic_bike,4,11,4,24,7.92
casual,classic_bike,1,1,9,19,11.84
casual,electric_bike,1,1,3,14,9.29
member,classic_bike,5,2,2,4,7.5
casual,electric_bike,1,2,2,32,5.97
casual,classic_bike,7,3,5,9,7.44
casual,classic_bike,7,3,6,25,19.6
casual,electric_bike,2,4,3,12,10.58
casual,classic_bike,4,10,3,11,15.09
member,classic_bike,4,12,1,12,8.17
member,electric_bike,6,1,2,19,6.42
casual,classic_bike,2,2,9,50,27.86
member,electric_bike,4,5,3,18,11.5
casual,classic_bike,2,1,14,28,15.29
member,classic_bike,1,12,4,4,5.75
casual,classic_bike,7,1,6,7,8.14
casual,electric_bike,7,5,4,33,15.06
casual,classic_bike,5,7,3,25,53.76
casual,classic_bike,3,9,3,14,13.0
member,electric_bike,7,1,4,11,8.0
member,classic_bike,5,10,3,12,12.58
casual,classic_bike,4,2,4,2,9.5
member,classic_bike,7,3,3,21,8.86
member,electric_bike,5,2,3,5,9.4
casual,electric_bike,1,12,6,8,9.13
casual,classic_bike,3,2,3,3,258.0
member,electric_bike,2,7,3,23,15.13
member,classic_bike,5,1,3,4,2.75
member,classic_bike,7,2,4,4,15.0
casual,classic_bike,2,3,3,6,21.5
casual,electric_bike,6,12,1,11,6.36
casual,classic_bike,3,1,21,20,6.0
casual,electric_bike,4,2,1,9,3.44
casual,classic_bike,6,11,3,10,66.1
casual,classic_bike,2,1,1,5,220.2
casual,electric_bike,3,2,4,9,6.44
member,electric_bike,1,2,5,12,4.58
member,classic_bike,4,12,3,4,7.0
member,classic_bike,4,5,2,15,7.73
member,classic_bike,5,3,3,4,5.0
member,electric_bike,3,6,2,15,12.0
member,electric_bike,2,11,3,11,10.55
member,electric_bike,1,12,3,18,6.83
casual,classic_bike,6,3,5,8,88.88
casual,classic_bike,1,2,3,6,8.17
casual,classic_bike,2,4,4,13,25.31
member,classic_bike,3,5,3,8,13.13
casual,classic_bike,3,3,4,14,15.29
casual,classic_bike,5,2,23,20,59.9
member,classic_bike,6,3,3,8,11.13
casual,classic_bike,5,1,6,19,7.37
member,electric_bike,3,11,2,12,14.92
casual,classic_bike,6,12,2,6,11.5
casual,classic_bike,2,1,3,3,8.33
casual,classic_bike,4,9,4,7,70.86
casual,classic_bike,7,12,4,14,41.0
casual,electric_bike,6,12,3,9,7.0
casual,electric_bike,2,2,3,13,7.77
casual,classic_bike,3,3,2,5,30.0
casual,classic_bike,4,3,3,10,10.6
member,electric_bike,6,2,3,13,8.15
member,electric_bike,5,1,2,2,6.0
member,electric_bike,6,3,2,14,7.07
casual,classic_bike,6,1,5,5,9.0
casual,electric_bike,4,3,2,13,4.54
casual,classic_bike,2,2,4,5,17.8
member,classic_bike,2,12,3,3,8.0
casual,classic_bike,5,3,5,8,8.13
casual,classic_bike,3,10,4,6,91.67
member,electric_bike,3,12,3,3,36.0
casual,electric_bike,3,1,3,3,10.33
casual,classic_bike,5,2,0,2,12.0
casual,classic_bike,6,12,4,4,9.25
casual,classic_bike,3,2,1,2,6.5
casual,classic_bike,5,12,4,3,15.67
casual,classic_bike,7,1,5,2,6.0
casual,classic_bike,2,2,2,1,5.0
member,classic_bike,4,1,21,186,8.55
member,classic_bike,5,1,17,904,10.96
member,electric_bike,6,1,11,282,9.93
member,classic_bike,6,1,12,338,9.81
member,electric_bike,7,1,8,162,7.46
member,electric_bike,2,1,15,358,8.99
member,electric_bike,5,1,11,323,9.98
member,classic_bike,6,1,19,329,10.32
member,classic_bike,1,1,10,257,9.1
member,classic_bike,1,1,13,309,10.5
member,electric_bike,2,1,13,256,6.54
member,classic_bike,3,1,10,227,7.82
member,classic_bike,3,1,13,292,8.98
member,electric_bike,4,1,13,370,7.07
member,electric_bike,4,1,15,503,8.37
member,electric_bike,5,1,7,802,7.72
member,electric_bike,5,1,18,560,8.23
member,electric_bike,6,1,6,304,6.96
member,electric_bike,6,1,20,177,8.08
member,electric_bike,7,1,11,307,8.32
casual,electric_bike,7,1,21,58,10.76
member,electric_bike,2,1,16,588,9.35
member,electric_bike,5,1,8,992,7.91
member,electric_bike,6,1,8,448,7.51
casual,electric_bike,6,1,9,60,7.77
member,classic_bike,6,1,17,674,12.1
casual,classic_bike,7,1,15,99,18.83
member,electric_bike,1,1,9,155,7.32
member,classic_bike,1,1,14,303,10.96
member,electric_bike,3,1,9,251,7.34
casual,electric_bike,3,1,12,55,12.64
member,electric_bike,4,1,14,373,7.17
member,electric_bike,4,1,16,879,9.76
member,electric_bike,1,2,10,260,7.77
member,classic_bike,2,2,13,355,10.34
member,electric_bike,3,2,10,216,12.17
member,electric_bike,5,2,23,88,8.45
member,classic_bike,6,2,8,468,10.82
member,electric_bike,6,2,12,381,7.9
member,electric_bike,6,2,17,718,9.07
casual,electric_bike,7,2,10,94,7.04
member,classic_bike,2,2,15,469,10.45
member,classic_bike,2,2,16,713,10.82
member,electric_bike,3,2,16,923,9.29
member,electric_bike,5,2,17,944,9.41
member,electric_bike,2,2,21,186,8.05
member,classic_bike,3,2,9,480,9.72
member,classic_bike,4,2,15,388,10.11
member,classic_bike,6,2,6,180,10.04
member,classic_bike,6,2,18,436,12.31
member,electric_bike,6,2,19,277,8.71
casual,classic_bike,1,2,12,105,25.63
member,classic_bike,2,2,10,264,8.82
member,electric_bike,3,2,14,309,7.74
member,classic_bike,3,2,21,166,9.57
member,classic_bike,4,2,13,285,8.85
member,classic_bike,5,2,6,194,8.46
member,classic_bike,5,2,8,653,9.99
member,electric_bike,5,2,12,320,7.32
casual,electric_bike,5,2,16,217,9.11
member,classic_bike,5,2,18,563,9.37
member,classic_bike,6,2,5,79,10.25
member,classic_bike,6,2,7,353,9.84
member,electric_bike,7,3,8,404,9.83
member,classic_bike,7,3,17,749,11.81
member,classic_bike,1,3,13,880,13.58
member,electric_bike,2,3,15,873,10.31
member,classic_bike,4,3,9,610,10.02
casual,electric_bike,4,3,11,130,10.95
member,electric_bike,4,3,16,998,9.26
casual,electric_bike,4,3,18,197,8.75
member,electric_bike,5,3,6,395,7.59
member,electric_bike,5,3,11,328,8.77
member,electric_bike,5,3,18,835,9.63
casual,electric_bike,6,3,9,164,9.29
member,classic_bike,6,3,12,638,11.56
member,electric_bike,7,3,20,251,8.92
member,classic_bike,1,3,1,61,14.34
member,classic_bike,1,3,10,582,11.26
casual,classic_bike,1,3,11,329,25.66
member,electric_bike,4,3,13,323,7.82
member,electric_bike,4,3,14,392,8.12
member,electric_bike,4,3,15,515,8.37
member,electric_bike,5,3,5,117,5.66
member,electric_bike,5,3,8,1009,8.43
casual,classic_bike,5,3,14,196,19.28
member,electric_bike,6,3,7,637,8.62
member,electric_bike,6,3,8,825,8.31
member,electric_bike,7,3,5,19,8.37
member,electric_bike,7,3,6,125,10.86
member,electric_bike,7,3,11,639,10.68
casual,classic_bike,7,3,13,927,31.69
casual,classic_bike,7,3,16,846,27.8
casual,electric_bike,7,3,21,181,13.56
member,classic_bike,2,3,9,651,9.38
member,electric_bike,3,3,9,487,8.24
casual,electric_bike,3,3,19,164,11.1
member,electric_bike,4,3,10,306,9.48
member,classic_bike,5,3,12,571,9.9
member,classic_bike,5,3,17,1448,11.84
casual,classic_bike,1,3,7,61,31.3
casual,electric_bike,1,3,12,339,14.54
casual,electric_bike,2,3,8,202,7.57
member,electric_bike,2,3,13,496,8.23
member,electric_bike,4,3,1,23,8.35
casual,classic_bike,4,3,12,140,18.08
casual,classic_bike,5,3,16,257,32.23
member,electric_bike,6,3,11,457,10.26
casual,classic_bike,6,3,13,511,30.01
member,electric_bike,7,3,7,223,7.81
member,classic_bike,7,3,12,1048,13.09
member,electric_bike,7,3,18,528,9.62
member,electric_bike,3,4,15,1098,10.17
member,electric_bike,3,4,16,1927,10.64
casual,classic_bike,3,4,17,749,30.83
member,classic_bike,4,4,16,1630,11.84
member,classic_bike,5,4,11,643,10.44
member,electric_bike,5,4,17,1531,10.83
member,classic_bike,5,4,18,1217,11.32
member,electric_bike,5,4,19,661,9.26
member,classic_bike,6,4,7,783,10.85
member,classic_bike,6,4,8,990,11.47
member,classic_bike,6,4,11,731,10.92
member,electric_bike,7,4,17,597,12.72
member,electric_bike,1,4,1,114,8.96
member,electric_bike,1,4,10,500,9.41
casual,electric_bike,1,4,18,395,16.3
member,electric_bike,2,4,9,508,8.81
member,classic_bike,2,4,16,1440,12.88
member,electric_bike,3,4,10,434,9.63
member,classic_bike,4,4,10,568,12.94
member,classic_bike,4,4,15,1001,10.95
member,electric_bike,5,4,22,225,7.94
member,electric_bike,6,4,22,213,9.9
member,electric_bike,7,4,12,646,10.88
casual,electric_bike,7,4,15,534,16.19
member,classic_bike,7,4,18,825,12.62
member,classic_bike,7,4,20,362,11.27
member,electric_bike,3,4,14,710,9.24
casual,classic_bike,3,4,23,71,32.73
member,classic_bike,5,4,5,143,13.03
member,electric_bike,5,4,12,527,9.6
member,classic_bike,6,4,18,1010,12.42
member,classic_bike,7,4,11,891,12.26
member,electric_bike,7,4,22,232,9.66
member,classic_bike,2,4,15,938,12.25
member,electric_bike,4,4,2,10,4.7
member,electric_bike,5,4,0,68,8.18
member,classic_bike,5,4,7,1078,11.38
member,classic_bike,5,4,8,1417,10.75
member,classic_bike,5,4,20,493,11.28
member,classic_bike,6,4,5,138,10.29
casual,electric_bike,6,4,16,546,14.21
member,electric_bike,7,4,0,116,8.18
casual,classic_bike,1,4,12,654,32.0
member,electric_bike,1,4,15,510,10.69
casual,classic_bike,2,4,5,29,10.52
member,classic_bike,2,4,13,628,12.86
member,classic_bike,3,4,9,943,8.83
casual,classic_bike,5,5,0,64,30.36
casual,electric_bike,5,5,6,191,6.6
member,classic_bike,5,5,9,1053,10.79
member,electric_bike,5,5,13,785,8.7
member,electric_bike,5,5,16,2107,11.19
member,classic_bike,5,5,21,617,12.74
member,electric_bike,6,5,13,931,10.59
member,electric_bike,6,5,16,1774,10.9
member,electric_bike,1,5,7,165,11.23
member,classic_bike,1,5,12,992,13.35
member,classic_bike,2,5,11,689,11.75
member,electric_bike,2,5,12,613,10.26
member,electric_bike,2,5,17,1485,10.29
member,classic_bike,2,5,20,533,11.33
member,electric_bike,3,5,6,620,8.97
member,electric_bike,3,5,8,1275,9.55
member,classic_bike,3,5,12,709,11.12
member,electric_bike,3,5,18,1107,11.12
member,classic_bike,3,5,23,131,11.0
member,classic_bike,4,5,6,573,10.88
member,classic_bike,4,5,7,1126,11.6
member,classic_bike,4,5,8,1373,11.28
member,classic_bike,4,5,11,603,10.52
member,electric_bike,4,5,17,1805,11.24
member,classic_bike,4,5,18,1601,13.85
member,electric_bike,4,5,23,117,9.6
member,electric_bike,5,5,10,492,9.35
member,electric_bike,7,5,13,919,12.23
casual,classic_bike,7,5,19,845,30.76
member,electric_bike,1,5,18,534,11.36
member,classic_bike,1,5,19,566,17.32
casual,electric_bike,2,5,13,430,20.07
member,classic_bike,2,5,18,1363,12.58
member,electric_bike,3,5,5,185,6.5
casual,electric_bike,3,5,9,190,10.77
casual,classic_bike,3,5,16,602,25.1
member,classic_bike,3,5,17,2326,15.09
member,classic_bike,3,5,19,1139,13.1
casual,classic_bike,4,5,9,183,24.38
member,electric_bike,5,5,1,37,7.41
casual,classic_bike,5,5,17,1035,26.95
member,classic_bike,6,5,9,918,11.5
casual,classic_bike,6,5,12,905,33.58
member,electric_bike,7,5,3,42,9.43
member,classic_bike,7,5,9,995,13.53
member,electric_bike,7,5,10,803,10.99
casual,classic_bike,1,5,16,1077,32.98
member,classic_bike,2,5,5,126,17.7
member,classic_bike,2,5,6,419,11.45
member,classic_bike,2,5,7,836,11.86
member,electric_bike,5,5,15,1327,10.24
casual,electric_bike,6,5,8,370,10.29
member,electric_bike,6,5,14,1007,10.8
member,classic_bike,6,5,21,493,12.11
member,electric_bike,7,5,14,911,11.83
member,classic_bike,1,5,22,141,14.57
member,classic_bike,3,5,22,300,11.01
member,electric_bike,5,5,14,823,10.57
member,electric_bike,7,5,15,890,11.97
member,electric_bike,7,5,16,965,13.07
member,electric_bike,1,6,11,956,13.27
casual,classic_bike,1,6,14,2110,33.81
member,electric_bike,1,6,20,632,12.2
member,classic_bike,2,6,5,333,12.93
casual,electric_bike,2,6,16,1094,15.69
member,classic_bike,2,6,18,2692,14.21
member,classic_bike,2,6,20,1374,13.61
casual,classic_bike,3,6,10,427,34.48
member,electric_bike,3,6,11,503,10.03
member,electric_bike,4,6,19,650,12.31
casual,classic_bike,5,6,17,1471,25.71
member,classic_bike,6,6,9,879,11.59
casual,classic_bike,6,6,17,1456,27.01
casual,electric_bike,6,6,18,1066,16.63
member,electric_bike,7,6,13,851,13.39
member,electric_bike,7,6,14,868,13.17
casual,electric_bike,7,6,18,1119,18.91
casual,classic_bike,7,6,19,1290,33.23
member,classic_bike,1,6,0,293,12.98
member,classic_bike,1,6,12,1620,15.32
casual,classic_bike,1,6,13,1886,34.11
member,classic_bike,2,6,6,904,11.78
member,classic_bike,2,6,8,2041,11.22
member,classic_bike,2,6,11,951,11.6
member,electric_bike,2,6,12,783,11.09
member,electric_bike,3,6,6,855,9.93
casual,classic_bike,3,6,13,592,31.92
member,classic_bike,3,6,17,3022,14.2
casual,electric_bike,4,6,14,348,15.76
member,electric_bike,4,6,17,1706,11.63
member,classic_bike,4,6,18,1720,13.43
casual,electric_bike,5,6,11,544,20.08
member,electric_bike,5,6,15,1116,12.08
casual,classic_bike,7,6,12,2003,32.52
member,electric_bike,7,6,16,976,14.13
casual,classic_bike,1,6,16,1667,28.81
member,classic_bike,1,6,19,1029,14.43
member,classic_bike,1,6,23,178,14.2
casual,electric_bike,2,6,15,741,16.97
member,electric_bike,3,6,7,1499,9.34
member,classic_bike,3,6,12,937,11.93
member,electric_bike,3,6,20,622,11.43
member,classic_bike,4,6,7,1188,11.99
member,classic_bike,4,6,11,745,12.43
member,electric_bike,5,6,13,691,10.77
casual,electric_bike,6,6,8,383,11.69
member,electric_bike,6,6,15,1111,11.02
member,classic_bike,7,6,9,1009,14.45
casual,classic_bike,7,6,22,869,24.59
member,electric_bike,1,6,5,77,12.32
member,electric_bike,1,6,7,254,11.63
member,classic_bike,1,6,17,1430,14.58
member,electric_bike,1,6,18,886,12.27
member,classic_bike,3,6,19,1624,14.49
member,classic_bike,3,6,23,179,19.26
casual,electric_bike,4,6,16,791,12.96
member,classic_bike,4,6,20,917,15.72
casual,electric_bike,5,6,5,77,8.58
member,classic_bike,5,6,9,928,11.41
member,electric_bike,5,6,16,1790,11.37
member,classic_bike,5,6,21,713,13.32
casual,classic_bike,6,6,12,843,34.06
member,electric_bike,6,6,13,720,10.21
member,electric_bike,6,6,16,1484,11.8
casual,classic_bike,6,6,23,639,21.99
member,electric_bike,7,6,10,874,12.32
member,electric_bike,7,6,15,898,12.68
casual,classic_bike,7,6,17,1852,32.02
casual,classic_bike,1,6,15,1993,32.84
casual,electric_bike,1,6,21,423,15.43
member,classic_bike,1,6,22,321,14.32
casual,electric_bike,2,6,14,659,17.67
member,electric_bike,2,6,23,184,11.94
member,electric_bike,3,7,7,2069,9.88
casual,classic_bike,3,7,10,559,37.7
member,classic_bike,3,7,17,3622,13.96
member,classic_bike,4,7,6,1019,12.64
member,classic_bike,4,7,7,2152,12.81
casual,electric_bike,4,7,14,693,17.0
casual,electric_bike,4,7,16,1159,13.6
member,classic_bike,4,7,18,2667,14.05
member,electric_bike,4,7,19,1213,11.31
member,electric_bike,5,7,13,1025,10.7
member,electric_bike,5,7,15,1366,11.0
casual,classic_bike,5,7,17,1560,26.53
casual,classic_bike,6,7,12,931,36.89
casual,classic_bike,6,7,17,1568,35.45
casual,electric_bike,6,7,18,1246,16.98
casual,classic_bike,6,7,22,587,26.4
member,classic_bike,7,7,9,960,15.14
member,electric_bike,7,7,15,902,13.39
casual,classic_bike,7,7,17,1576,37.59
casual,electric_bike,7,7,18,1199,18.07
casual,electric_bike,7,7,20,875,17.07
member,electric_bike,1,7,7,201,10.86
casual,classic_bike,1,7,15,1577,33.28
casual,classic_bike,1,7,16,1373,30.32
member,classic_bike,2,7,5,235,20.1
member,classic_bike,2,7,7,1442,12.63
member,classic_bike,2,7,8,1685,12.03
member,classic_bike,2,7,18,2368,16.06
member,classic_bike,2,7,20,1213,15.47
member,electric_bike,3,7,5,327,8.46
member,electric_bike,3,7,6,1139,9.63
member,electric_bike,3,7,18,1931,12.04
member,classic_bike,3,7,19,2232,14.61
member,classic_bike,4,7,11,1088,11.54
member,electric_bike,4,7,12,997,10.12
casual,electric_bike,4,7,15,833,15.63
member,classic_bike,5,7,4,69,12.84
member,classic_bike,5,7,9,1250,11.23
casual,classic_bike,7,7,0,405,27.29
member,electric_bike,7,7,14,795,12.84
casual,classic_bike,7,7,19,1404,32.72
member,electric_bike,1,7,8,333,9.34
casual,classic_bike,1,7,10,886,34.59
member,classic_bike,1,7,17,1159,15.62
member,electric_bike,1,7,18,860,12.67
member,classic_bike,2,7,6,696,14.34
member,electric_bike,2,7,12,550,10.44
casual,classic_bike,2,7,21,454,22.63
member,electric_bike,3,7,8,2262,10.08
member,electric_bike,3,7,11,729,11.01
member,classic_bike,3,7,12,1240,12.34
member,classic_bike,4,7,8,2378,12.33
casual,classic_bike,4,7,9,530,33.29
casual,electric_bike,5,7,20,610,15.28
member,electric_bike,6,7,13,772,11.56
member,electric_bike,6,7,15,1103,12.13
casual,electric_bike,7,7,6,162,13.59
member,electric_bike,7,7,10,744,12.74
casual,classic_bike,1,7,14,1552,35.23
member,classic_bike,2,7,11,791,12.84
member,electric_bike,2,7,17,2276,11.67
casual,electric_bike,3,7,21,718,15.29
member,electric_bike,4,7,17,2797,12.13
casual,classic_bike,4,7,21,830,21.46
member,electric_bike,4,7,22,498,11.34
casual,electric_bike,5,7,7,573,9.33
casual,classic_bike,6,7,0,177,31.27
member,electric_bike,6,7,10,476,11.78
member,electric_bike,6,7,16,1497,12.49
casual,electric_bike,6,7,20,776,17.91
member,electric_bike,7,7,16,948,13.59
casual,classic_bike,7,7,22,1008,24.98
member,electric_bike,1,7,11,891,12.32
member,classic_bike,1,7,12,1317,16.79
member,classic_bike,1,7,19,1041,15.9
casual,electric_bike,2,7,14,642,21.01
casual,electric_bike,2,7,16,1052,16.43
member,electric_bike,2,7,19,1043,11.76
casual,classic_bike,3,7,14,827,33.08
member,electric_bike,3,7,20,991,12.4
casual,classic_bike,4,7,4,30,16.37
member,classic_bike,4,7,20,1355,14.36
member,electric_bike,5,7,16,2317,11.88
casual,classic_bike,5,7,19,1098,25.46
casual,electric_bike,6,8,6,273,8.85
member,electric_bike,6,8,13,1329,11.73
member,electric_bike,6,8,15,1703,11.83
member,classic_bike,7,8,9,1453,13.4
member,electric_bike,7,8,10,1243,12.64
casual,classic_bike,7,8,12,2726,33.69
member,electric_bike,7,8,14,1242,13.31
member,electric_bike,7,8,16,1303,13.34
casual,classic_bike,7,8,17,2082,32.18
casual,electric_bike,1,8,2,260,14.15
casual,classic_bike,1,8,16,2471,31.95
member,classic_bike,1,8,17,1841,15.35
casual,electric_bike,1,8,21,589,16.31
casual,electric_bike,2,8,1,131,14.2
member,classic_bike,2,8,7,1524,11.92
member,electric_bike,2,8,12,684,10.83
casual,electric_bike,2,8,15,743,17.9
member,electric_bike,2,8,17,2284,10.99
member,electric_bike,3,8,7,1699,9.36
member,electric_bike,3,8,8,1637,9.92
casual,classic_bike,3,8,14,500,31.95
member,classic_bike,3,8,17,2437,15.23
member,electric_bike,3,8,20,637,11.8
member,classic_bike,4,8,7,1788,11.62
member,classic_bike,4,8,8,1998,10.98
member,electric_bike,4,8,12,754,11.07
member,classic_bike,4,8,20,1197,14.49
casual,classic_bike,4,8,21,690,20.64
casual,classic_bike,5,8,19,991,26.99
member,electric_bike,6,8,10,821,10.7
member,electric_bike,6,8,14,1307,11.83
casual,electric_bike,6,8,18,1453,15.37
casual,classic_bike,6,8,22,700,23.23
member,classic_bike,7,8,2,131,21.28
casual,electric_bike,7,8,11,1559,21.57
casual,electric_bike,7,8,18,1223,19.13
member,classic_bike,7,8,21,720,14.91
casual,classic_bike,7,8,22,1144,30.61
casual,classic_bike,1,8,15,2377,32.31
member,electric_bike,1,8,20,684,12.39
member,classic_bike,2,8,8,1741,10.69
casual,classic_bike,2,8,9,371,31.34
member,electric_bike,2,8,19,854,10.4
member,electric_bike,3,8,18,1445,12.03
member,classic_bike,3,8,19,1546,14.91
casual,electric_bike,4,8,15,801,17.08
casual,electric_bike,4,8,16,1108,14.87
member,electric_bike,4,8,17,2583,12.75
member,electric_bike,4,8,19,1026,12.44
member,electric_bike,5,8,16,2265,12.3
casual,electric_bike,6,8,11,984,20.36
casual,classic_bike,6,8,12,1255,35.76
casual,electric_bike,6,8,20,848,16.46
casual,classic_bike,1,8,10,1583,38.8
member,classic_bike,1,8,12,1851,15.33
casual,electric_bike,2,8,13,621,20.8
member,classic_bike,2,8,20,862,12.26
member,electric_bike,3,8,5,243,7.52
member,classic_bike,4,8,11,914,11.83
casual,electric_bike,5,8,6,217,8.05
member,electric_bike,5,8,15,1262,11.67
casual,classic_bike,5,8,23,381,31.9
casual,classic_bike,6,8,17,1710,23.29
member,classic_bike,6,8,21,792,13.42
casual,classic_bike,7,8,19,1301,30.08
casual,classic_bike,1,8,1,424,24.47
member,electric_bike,1,8,7,295,15.74
casual,classic_bike,1,8,13,2430,32.56
casual,classic_bike,1,8,14,2398,34.69
member,electric_bike,1,8,18,1144,13.78
member,classic_bike,1,8,19,1215,17.21
member,classic_bike,2,8,6,715,10.21
member,electric_bike,3,8,6,853,9.69
member,classic_bike,4,8,5,306,11.87
member,classic_bike,4,8,18,2547,13.4
member,electric_bike,4,8,22,430,12.41
member,classic_bike,5,8,9,1068,10.83
member,electric_bike,5,8,10,514,11.22
member,classic_bike,5,8,21,726,16.27
casual,classic_bike,6,8,0,252,18.37
casual,electric_bike,7,8,5,86,14.05
member,classic_bike,2,9,14,1360,13.15
member,classic_bike,2,9,15,1726,13.25
member,classic_bike,2,9,16,2534,14.1
casual,electric_bike,2,9,17,1462,16.37
member,electric_bike,2,9,21,654,11.85
member,classic_bike,4,9,15,1259,12.31
member,classic_bike,5,9,6,767,11.73
member,classic_bike,5,9,7,1678,12.11
casual,electric_bike,5,9,14,669,17.31
member,electric_bike,5,9,17,2713,11.99
member,classic_bike,5,9,18,2230,13.6
member,electric_bike,5,9,23,313,9.43
casual,electric_bike,6,9,1,123,11.58
member,classic_bike,6,9,6,620,11.28
member,classic_bike,6,9,8,1455,11.16
member,classic_bike,6,9,11,941,12.16
member,classic_bike,6,9,18,1804,15.69
member,electric_bike,6,9,19,1084,11.45
member,classic_bike,6,9,20,722,14.3
member,classic_bike,7,9,8,592,13.94
member,electric_bike,7,9,12,1089,12.53
member,classic_bike,7,9,18,1125,14.15
member,classic_bike,7,9,20,513,15.31
casual,electric_bike,1,9,6,113,15.09
member,electric_bike,1,9,13,1010,14.28
member,electric_bike,1,9,15,1130,12.82
member,electric_bike,2,9,9,858,8.87
member,classic_bike,2,9,13,1388,13.64
member,electric_bike,3,9,16,2996,11.64
casual,classic_bike,3,9,19,739,23.56
member,electric_bike,4,9,9,872,9.7
member,classic_bike,5,9,11,892,11.35
member,electric_bike,6,9,12,1094,10.39
casual,electric_bike,6,9,13,859,16.34
casual,electric_bike,6,9,16,1302,15.41
member,classic_bike,7,9,6,196,18.74
member,classic_bike,7,9,7,323,14.41
casual,electric_bike,7,9,13,1291,19.18
casual,electric_bike,1,9,11,1005,19.78
member,electric_bike,1,9,14,976,13.48
member,classic_bike,2,9,1,49,11.2
member,classic_bike,2,9,10,1039,12.97
casual,classic_bike,2,9,11,884,37.55
member,electric_bike,3,9,10,521,10.6
member,electric_bike,3,9,14,1054,11.08
casual,electric_bike,3,9,20,497,12.67
member,classic_bike,4,9,14,962,11.74
member,classic_bike,4,9,16,2077,12.56
member,classic_bike,5,9,20,901,13.4
member,electric_bike,5,9,22,504,10.06
member,classic_bike,6,9,7,1230,11.53
casual,classic_bike,6,9,21,393,27.37
member,electric_bike,6,9,23,390,11.86
member,electric_bike,7,9,0,307,10.1
casual,electric_bike,7,9,10,824,20.3
member,classic_bike,1,9,9,949,13.86
casual,classic_bike,1,9,12,1357,36.54
casual,classic_bike,1,9,19,571,32.02
member,classic_bike,1,9,21,374,12.67
casual,classic_bike,2,9,8,399,26.74
casual,electric_bike,2,9,12,903,18.82
casual,electric_bike,3,9,5,98,7.8
casual,electric_bike,3,9,6,344,7.77
casual,electric_bike,3,9,7,623,9.38
member,classic_bike,3,9,9,1328,11.81
casual,electric_bike,3,9,18,1204,13.37
member,classic_bike,3,9,21,905,13.21
casual,electric_bike,4,9,12,456,13.74
member,electric_bike,5,9,0,89,10.84
casual,electric_bike,5,9,1,84,8.39
member,classic_bike,5,9,8,2012,11.04
casual,electric_bike,7,9,14,1260,18.99
casual,electric_bike,7,9,16,1325,18.63
member,electric_bike,7,9,19,721,11.85
casual,classic_bike,1,9,0,310,21.52
member,electric_bike,1,9,1,188,9.56
casual,electric_bike,1,9,8,295,17.59
casual,electric_bike,1,9,18,1038,16.26
member,electric_bike,2,9,4,71,9.62
casual,classic_bike,4,10,12,403,23.35
member,electric_bike,4,10,16,2665,10.99
casual,classic_bike,5,10,15,712,25.08
member,classic_bike,5,10,17,3168,13.31
member,classic_bike,6,10,12,1314,13.92
casual,classic_bike,6,10,14,794,27.83
member,classic_bike,6,10,17,2418,14.44
member,classic_bike,7,10,12,1481,15.07
casual,classic_bike,7,10,15,1330,32.12
member,classic_bike,7,10,19,674,12.99
member,classic_bike,1,10,16,1398,18.51
casual,electric_bike,1,10,19,425,13.6
member,classic_bike,2,10,9,982,10.31
member,electric_bike,2,10,14,779,10.58
member,electric_bike,2,10,15,1135,10.99
casual,electric_bike,2,10,18,525,11.38
member,classic_bike,2,10,21,466,13.59
member,classic_bike,3,10,13,846,10.93
member,classic_bike,3,10,16,1869,12.14
member,electric_bike,3,10,21,469,9.38
member,electric_bike,4,10,13,944,9.72
member,electric_bike,4,10,15,1596,10.56
member,classic_bike,4,10,21,718,14.2
member,classic_bike,5,10,12,1326,10.94
casual,classic_bike,5,10,13,549,32.18
casual,classic_bike,5,10,14,564,25.72
member,classic_bike,5,10,23,321,15.75
member,electric_bike,6,10,8,1724,8.96
casual,electric_bike,6,10,9,459,11.2
member,electric_bike,6,10,11,897,10.0
casual,classic_bike,6,10,13,877,28.83
member,electric_bike,6,10,18,1680,11.39
member,classic_bike,6,10,19,1249,16.27
casual,classic_bike,7,10,10,1048,31.5
member,classic_bike,7,10,17,1213,14.84
member,electric_bike,7,10,20,405,10.76
member,electric_bike,1,10,4,56,8.75
casual,classic_bike,1,10,7,346,67.18
casual,classic_bike,1,10,8,467,40.04
casual,classic_bike,1,10,11,1153,40.09
casual,electric_bike,1,10,12,870,18.71
member,electric_bike,2,10,13,672,9.63
casual,classic_bike,2,10,17,684,17.69
member,electric_bike,3,10,9,599,9.12
casual,electric_bike,3,10,12,349,12.5
member,classic_bike,3,10,15,1207,12.31
casual,classic_bike,3,10,18,395,15.23
member,classic_bike,4,10,9,1164,10.28
member,electric_bike,5,10,6,947,8.96
member,electric_bike,5,10,18,2075,11.0
member,classic_bike,5,10,19,1478,11.35
member,classic_bike,6,10,0,151,13.08
member,electric_bike,6,10,6,691,7.65
casual,electric_bike,6,10,21,550,12.64
member,classic_bike,6,10,23,361,12.61
member,classic_bike,1,10,13,1229,17.77
member,electric_bike,2,10,16,1843,10.65
member,classic_bike,3,10,10,624,11.74
member,electric_bike,4,10,10,572,9.13
casual,classic_bike,7,10,14,1434,28.66
casual,classic_bike,7,10,16,1225,27.54
member,classic_bike,1,10,15,1393,17.24
casual,classic_bike,1,10,20,215,26.89
casual,classic_bike,2,10,19,271,23.11
member,electric_bike,5,10,7,2088,9.17
member,electric_bike,6,10,7,1275,8.93
member,electric_bike,7,11,14,860,11.45
member,electric_bike,7,11,16,785,11.91
member,classic_bike,1,11,12,842,12.35
member,electric_bike,1,11,20,242,10.31
member,classic_bike,1,11,23,88,8.97
member,classic_bike,2,11,6,425,12.56
member,classic_bike,2,11,7,910,14.72
member,classic_bike,2,11,8,1165,15.7
casual,electric_bike,2,11,15,322,10.32
member,electric_bike,2,11,17,1415,10.33
member,classic_bike,2,11,18,1084,12.07
member,classic_bike,2,11,20,438,11.57
member,electric_bike,3,11,7,1062,8.5
member,electric_bike,3,11,8,1368,8.72
casual,electric_bike,3,11,21,143,9.22
member,classic_bike,4,11,6,511,14.33
member,classic_bike,4,11,11,601,12.54
casual,electric_bike,4,11,13,217,10.08
member,classic_bike,5,11,4,27,11.44
casual,classic_bike,5,11,17,265,13.85
member,electric_bike,6,11,13,795,10.48
member,electric_bike,6,11,15,1086,10.9
member,electric_bike,7,11,15,863,11.82
member,electric_bike,1,11,18,494,9.66
member,electric_bike,2,11,19,493,8.64
member,electric_bike,3,11,11,377,9.76
casual,classic_bike,3,11,15,198,24.16
member,classic_bike,3,11,19,743,16.14
member,classic_bike,4,11,18,1128,14.64
member,electric_bike,5,11,16,1357,10.89
member,electric_bike,6,11,14,781,10.3
member,electric_bike,6,11,16,1308,11.73
member,classic_bike,7,11,9,767,13.94
casual,electric_bike,7,11,18,408,12.94
casual,classic_bike,7,11,19,281,23.28
member,electric_bike,1,11,8,240,9.52
member,electric_bike,3,11,6,466,7.49
member,classic_bike,4,11,7,1077,12.25
member,classic_bike,4,11,20,502,18.17
casual,electric_bike,5,11,7,252,6.46
member,classic_bike,5,11,9,698,9.24
member,electric_bike,5,11,10,347,8.66
member,electric_bike,5,11,13,541,9.05
casual,classic_bike,1,11,10,349,34.85
member,electric_bike,1,11,11,695,11.32
casual,classic_bike,1,11,14,445,30.96
member,classic_bike,1,11,17,704,14.29
member,classic_bike,3,11,12,703,9.36
member,electric_bike,3,11,20,492,9.61
casual,classic_bike,5,11,0,43,33.79
casual,electric_bike,6,11,8,242,8.64
member,classic_bike,4,12,12,367,10.41
member,electric_bike,6,12,9,282,7.32
member,classic_bike,6,12,13,302,10.77
member,classic_bike,6,12,16,473,14.95
member,electric_bike,2,12,8,546,7.87
member,classic_bike,3,12,8,689,13.94
member,classic_bike,3,12,18,583,20.65
casual,classic_bike,5,12,6,13,6.08
member,electric_bike,5,12,9,300,8.02
member,classic_bike,5,12,14,216,12.33
member,classic_bike,5,12,15,318,11.49
member,classic_bike,7,12,14,333,12.84
member,electric_bike,2,12,5,115,6.37
member,electric_bike,3,12,23,85,13.66
member,classic_bike,4,12,17,730,15.43
member,classic_bike,4,12,22,110,11.1
member,classic_bike,5,12,13,237,11.41
member,classic_bike,6,12,10,206,10.16
casual,electric_bike,6,12,22,48,6.9
member,classic_bike,7,12,10,246,10.59
casual,electric_bike,7,12,17,126,9.98
member,electric_bike,1,12,0,77,10.36
member,classic_bike,1,12,8,74,12.77
member,classic_bike,2,12,19,270,10.28
member,classic_bike,2,12,22,90,15.36
casual,classic_bike,6,12,18,75,10.35
casual,classic_bike,7,12,18,110,15.9
member,electric_bike,2,12,7,459,8.36
member,electric_bike,4,12,6,317,7.23
member,electric_bike,4,12,7,609,7.87
member,classic_bike,4,12,19,331,15.56
member,electric_bike,4,12,20,223,8.27
member,classic_bike,5,1,12,478,9.03
member,electric_bike,6,1,7,469,7.45
casual,classic_bike,6,1,16,84,20.3
member,electric_bike,7,1,6,72,6.94
member,classic_bike,7,1,12,448,10.96
member,classic_bike,7,1,22,92,10.83
member,electric_bike,1,1,4,15,7.6
casual,classic_bike,1,1,18,35,13.26
member,electric_bike,2,1,10,161,10.34
member,electric_bike,2,1,14,252,7.56
member,classic_bike,2,1,21,134,13.77
member,classic_bike,3,1,16,630,14.08
member,electric_bike,3,1,21,120,7.03
casual,classic_bike,4,1,23,18,22.72
member,classic_bike,7,1,0,45,10.31
casual,electric_bike,3,1,17,141,8.27
member,classic_bike,7,1,17,320,10.08
member,electric_bike,7,1,20,127,8.79
member,classic_bike,2,1,9,271,9.36
casual,classic_bike,3,1,5,10,6.1
member,classic_bike,3,1,14,251,9.51
member,classic_bike,3,1,15,401,10.51
member,electric_bike,6,1,18,474,8.85
member,electric_bike,7,1,7,113,6.19
member,electric_bike,7,1,18,233,9.53
member,classic_bike,1,1,16,259,12.57
member,electric_bike,1,1,21,90,6.6
member,electric_bike,3,1,4,19,6.16
casual,classic_bike,3,1,11,40,23.47
member,classic_bike,4,1,9,418,10.82
member,classic_bike,7,2,7,102,8.93
member,classic_bike,7,2,8,188,10.89
member,electric_bike,7,2,12,296,7.26
member,electric_bike,7,2,19,189,9.13
member,electric_bike,1,2,14,339,8.15
member,electric_bike,2,2,9,305,7.04
member,classic_bike,2,2,14,368,16.01
casual,electric_bike,2,2,17,171,8.35
casual,electric_bike,2,2,23,27,6.93
member,classic_bike,3,2,2,5,9.6
casual,electric_bike,3,2,8,150,7.38
member,electric_bike,3,2,13,290,8.26
member,electric_bike,4,2,9,452,7.74
member,classic_bike,4,2,14,296,8.58
member,classic_bike,4,2,16,614,10.92
member,classic_bike,5,2,7,487,11.63
member,electric_bike,5,2,19,322,7.1
member,electric_bike,5,2,22,123,7.17
casual,electric_bike,6,2,3,10,8.6
member,classic_bike,6,2,11,317,10.49
casual,electric_bike,6,2,14,172,9.83
member,electric_bike,6,2,23,80,6.5
member,classic_bike,7,2,11,396,10.35
member,electric_bike,7,2,17,260,9.19
member,classic_bike,7,2,20,149,8.71
member,electric_bike,7,2,23,109,7.05
member,electric_bike,1,2,1,43,9.26
member,electric_bike,1,2,3,24,8.21
member,electric_bike,1,2,15,359,9.47
casual,electric_bike,2,2,22,47,10.02
member,electric_bike,3,2,15,517,8.53
member,electric_bike,4,2,4,26,6.42
casual,electric_bike,4,2,22,25,6.76
casual,electric_bike,5,2,14,105,11.28
member,classic_bike,5,2,20,244,10.14
member,electric_bike,1,2,13,292,8.33
casual,electric_bike,5,2,10,66,12.55
member,classic_bike,5,2,11,292,13.21
member,electric_bike,6,2,0,48,5.9
casual,classic_bike,6,2,9,49,15.9
casual,electric_bike,7,2,15,145,13.19
member,electric_bike,2,2,4,14,6.64
member,classic_bike,4,2,10,308,9.76
member,classic_bike,6,2,20,169,9.72
casual,electric_bike,7,3,4,21,10.19
member,classic_bike,7,3,22,185,9.41
member,classic_bike,1,3,3,28,11.68
member,classic_bike,1,3,14,812,12.95
casual,classic_bike,2,3,0,26,14.12
member,electric_bike,2,3,14,565,9.65
member,electric_bike,2,3,16,1492,9.58
member,classic_bike,2,3,21,358,9.56
member,classic_bike,3,3,10,407,9.87
casual,classic_bike,3,3,11,147,26.39
member,classic_bike,3,3,16,1257,12.52
member,electric_bike,5,3,7,773,8.83
member,classic_bike,5,3,19,554,11.97
member,electric_bike,5,3,20,307,8.93
casual,classic_bike,6,3,10,176,29.4
member,classic_bike,6,3,17,1426,15.07
member,classic_bike,6,3,19,780,13.37
casual,electric_bike,7,3,9,247,13.07
member,classic_bike,1,3,15,673,13.17
casual,electric_bike,1,3,17,263,16.6
member,electric_bike,2,3,10,302,9.67
casual,electric_bike,3,3,0,37,9.49
member,electric_bike,3,3,2,14,11.93
casual,classic_bike,3,3,6,43,12.19
member,classic_bike,3,3,13,438,9.3
member,classic_bike,3,3,14,437,11.09
casual,electric_bike,4,3,5,31,6.65
casual,electric_bike,4,3,6,89,7.16
member,classic_bike,6,3,0,74,10.74
member,electric_bike,6,3,6,358,8.75
member,electric_bike,6,3,18,849,11.72
member,classic_bike,7,3,0,129,10.94
casual,electric_bike,2,3,7,174,7.24
casual,classic_bike,2,3,12,230,30.87
casual,classic_bike,2,3,17,576,20.94
member,classic_bike,3,3,15,685,12.59
member,classic_bike,4,3,4,22,5.82
casual,electric_bike,4,3,7,229,7.08
casual,electric_bike,4,3,8,259,7.69
member,classic_bike,6,3,22,273,11.29
member,classic_bike,7,3,19,438,11.82
member,classic_bike,1,3,16,634,14.69
casual,electric_bike,2,3,6,125,7.07
casual,classic_bike,4,3,17,220,16.6
member,classic_bike,4,3,21,209,9.67
casual,electric_bike,5,3,9,114,8.54
casual,classic_bike,5,3,15,221,25.52
member,classic_bike,5,3,23,103,19.32
member,electric_bike,6,3,5,100,5.96
casual,classic_bike,6,3,16,781,25.54
member,electric_bike,6,3,20,400,10.87
casual,electric_bike,6,3,21,215,15.22
casual,classic_bike,7,3,1,109,22.42
casual,classic_bike,7,3,14,1011,29.87
member,electric_bike,1,3,9,302,8.93
casual,electric_bike,2,3,18,395,11.18
casual,electric_bike,2,3,20,174,11.58
member,electric_bike,3,4,13,633,8.51
casual,electric_bike,3,4,18,489,12.71
member,classic_bike,3,4,21,532,11.47
member,electric_bike,4,4,9,626,8.3
member,classic_bike,5,4,6,455,10.77
casual,electric_bike,5,4,14,334,17.62
member,electric_bike,6,4,0,56,10.7
member,classic_bike,6,4,6,376,10.86
casual,electric_bike,6,4,13,283,13.7
member,electric_bike,6,4,19,558,11.09
member,classic_bike,7,4,7,201,10.67
member,classic_bike,7,4,8,407,14.22
casual,electric_bike,7,4,10,323,14.26
member,classic_bike,1,4,2,49,8.51
member,classic_bike,1,4,9,531,11.31
member,electric_bike,1,4,14,543,11.85
casual,electric_bike,1,4,20,157,13.85
member,classic_bike,2,4,10,469,11.15
casual,electric_bike,2,4,17,567,13.35
member,classic_bike,4,4,13,701,10.23
casual,electric_bike,4,4,17,570,12.16
member,electric_bike,4,4,21,407,9.39
casual,electric_bike,5,4,13,261,15.87
member,electric_bike,6,4,12,521,9.95
member,electric_bike,7,4,19,465,10.17
member,electric_bike,1,4,13,591,11.61
member,classic_bike,2,4,14,660,11.65
casual,electric_bike,2,4,22,133,14.63
member,classic_bike,3,4,2,18,12.0
casual,electric_bike,3,4,7,266,7.97
casual,electric_bike,3,4,8,378,7.71
casual,classic_bike,3,4,22,129,14.95
member,classic_bike,4,4,14,618,10.97
casual,electric_bike,4,4,22,159,9.55
casual,electric_bike,5,4,15,402,11.99
casual,electric_bike,5,4,16,462,12.38
casual,classic_bike,6,4,9,208,22.25
casual,classic_bike,1,4,19,305,19.35
member,classic_bike,1,4,21,207,10.81
member,electric_bike,2,4,21,297,9.78
casual,electric_bike,6,4,1,39,9.31
casual,electric_bike,7,4,14,538,18.85
casual,electric_bike,1,4,8,117,13.67
member,electric_bike,1,4,16,560,11.97
casual,classic_bike,3,4,19,379,23.68
casual,classic_bike,4,4,8,210,15.08
casual,electric_bike,4,4,19,245,11.09
member,classic_bike,5,5,2,21,6.95
casual,electric_bike,5,5,8,423,8.63
casual,electric_bike,5,5,20,280,13.53
member,electric_bike,6,5,10,554,9.56
member,electric_bike,6,5,15,1356,10.74
member,classic_bike,7,5,4,52,11.79
casual,electric_bike,7,5,8,309,11.46
member,classic_bike,7,5,21,449,11.84
member,electric_bike,1,5,11,553,10.65
member,electric_bike,2,5,19,615,9.46
member,electric_bike,3,5,7,1162,9.08
member,electric_bike,3,5,11,376,9.84
casual,classic_bike,3,5,13,321,32.35
casual,electric_bike,4,5,13,273,12.89
casual,electric_bike,4,5,16,743,11.58
member,electric_bike,4,5,19,663,9.75
casual,electric_bike,5,5,11,380,17.48
casual,electric_bike,5,5,18,724,13.03
casual,classic_bike,6,5,17,1281,24.15
casual,electric_bike,6,5,18,809,14.55
casual,classic_bike,6,5,19,674,26.96
casual,classic_bike,7,5,17,1306,30.28
casual,electric_bike,1,5,2,86,9.65
member,classic_bike,2,5,8,1073,10.75
member,electric_bike,2,5,23,94,10.74
casual,classic_bike,3,5,15,430,33.29
member,electric_bike,4,5,12,511,9.11
member,classic_bike,4,5,20,759,11.23
casual,classic_bike,4,5,21,195,24.04
casual,electric_bike,6,5,7,344,9.78
casual,classic_bike,6,5,23,282,23.87
casual,classic_bike,7,5,22,399,30.97
casual,classic_bike,1,5,13,943,38.15
member,classic_bike,1,5,17,835,14.2
casual,electric_bike,2,5,15,564,16.8
casual,classic_bike,2,5,21,197,31.47
casual,classic_bike,5,5,22,205,18.48
casual,electric_bike,6,5,5,74,9.46
member,electric_bike,1,5,8,254,9.2
member,electric_bike,1,5,20,313,10.05
member,electric_bike,2,5,0,85,9.49
casual,electric_bike,2,5,10,260,19.49
member,electric_bike,4,5,22,267,9.78
casual,electric_bike,5,5,7,324,7.57
casual,electric_bike,6,5,11,503,17.71
casual,classic_bike,6,5,22,280,21.54
member,electric_bike,7,5,1,152,9.09
member,electric_bike,1,6,6,173,13.32
member,electric_bike,1,6,8,390,12.18
member,classic_bike,2,6,7,1731,12.22
member,electric_bike,2,6,17,2437,11.24
member,electric_bike,3,6,8,1562,10.14
casual,classic_bike,3,6,15,758,30.97
member,electric_bike,3,6,18,1378,12.08
casual,electric_bike,4,6,15,473,15.5
member,electric_bike,5,6,14,808,11.89
casual,electric_bike,6,6,7,308,10.43
member,electric_bike,6,6,14,834,10.61
member,classic_bike,6,6,21,612,15.99
casual,electric_bike,7,6,11,1158,19.85
casual,electric_bike,2,6,10,360,19.0
member,electric_bike,3,6,5,198,8.51
member,classic_bike,4,6,8,1395,11.25
casual,electric_bike,5,6,7,331,9.05
casual,electric_bike,5,6,8,446,10.03
casual,electric_bike,6,6,20,625,17.28
member,classic_bike,7,6,21,586,15.09
casual,classic_bike,7,6,23,670,34.43
casual,electric_bike,2,6,13,642,19.41
member,electric_bike,2,6,19,1136,10.93
member,classic_bike,4,6,6,581,11.04
member,electric_bike,4,6,12,568,9.91
member,classic_bike,5,6,2,25,9.56
casual,electric_bike,5,6,20,504,13.69
casual,classic_bike,6,6,0,146,23.75
casual,electric_bike,6,6,11,492,17.21
member,classic_bike,7,6,4,43,12.95
casual,electric_bike,7,6,7,199,13.75
casual,electric_bike,1,6,2,205,12.96
casual,electric_bike,5,6,6,195,8.9
member,electric_bike,5,6,10,530,12.19
member,electric_bike,6,6,1,81,7.6
member,classic_bike,3,7,23,207,14.31
member,classic_bike,4,7,5,374,14.38
member,electric_bike,5,7,10,658,10.74
member,electric_bike,5,7,14,1088,11.1
casual,electric_bike,6,7,7,272,10.74
member,electric_bike,6,7,14,781,12.86
member,electric_bike,7,7,1,163,10.38
casual,electric_bike,7,7,11,993,20.84
member,electric_bike,7,7,13,790,14.02
casual,electric_bike,1,7,2,283,18.47
member,classic_bike,1,7,22,270,13.71
casual,classic_bike,3,7,3,30,76.0
casual,classic_bike,5,7,12,833,31.55
casual,electric_bike,5,7,18,1231,14.93
member,classic_bike,6,7,4,58,10.78
casual,electric_bike,6,7,6,164,9.65
member,electric_bike,7,7,3,54,11.22
member,electric_bike,1,7,6,144,17.26
casual,classic_bike,1,7,13,1647,33.53
member,electric_bike,1,7,20,635,11.94
member,classic_bike,1,7,23,166,12.16
casual,electric_bike,2,7,10,337,20.83
casual,classic_bike,3,7,15,885,29.32
casual,electric_bike,5,7,6,330,9.45
casual,electric_bike,5,7,11,646,17.73
member,classic_bike,5,7,21,802,15.39
member,classic_bike,6,7,21,632,18.28
casual,classic_bike,2,7,9,335,27.79
member,classic_bike,3,7,22,457,16.05
casual,electric_bike,4,7,10,415,19.65
casual,electric_bike,6,7,8,439,13.64
casual,electric_bike,2,7,13,584,21.22
casual,electric_bike,5,7,8,718,9.73
member,electric_bike,6,8,16,2157,12.18
member,electric_bike,7,8,1,245,10.25
member,electric_bike,7,8,13,1176,13.31
member,electric_bike,1,8,8,492,11.51
casual,electric_bike,1,8,9,718,21.46
member,electric_bike,1,8,11,1099,13.6
member,classic_bike,2,8,11,887,10.78
member,classic_bike,2,8,18,1768,13.55
member,electric_bike,2,8,23,96,9.61
member,classic_bike,3,8,22,410,13.51
casual,electric_bike,4,8,10,304,17.66
casual,electric_bike,5,8,7,451,9.66
casual,electric_bike,6,8,7,482,10.3
casual,electric_bike,6,8,8,644,12.67
member,classic_bike,6,8,9,1147,11.97
casual,electric_bike,7,8,8,601,18.21
casual,electric_bike,2,8,14,634,18.86
casual,classic_bike,3,8,1,26,17.04
casual,classic_bike,3,8,10,409,36.71
member,electric_bike,3,8,11,524,11.66
member,classic_bike,3,8,23,181,12.03
casual,classic_bike,4,8,9,424,26.35
member,electric_bike,5,8,1,51,11.47
casual,electric_bike,5,8,5,89,8.55
member,electric_bike,5,8,13,731,10.93
member,electric_bike,5,8,14,822,11.55
casual,electric_bike,5,8,20,583,14.28
member,classic_bike,1,8,23,212,14.92
member,classic_bike,3,8,12,1009,11.67
casual,classic_bike,3,8,13,550,32.87
casual,classic_bike,4,8,2,27,15.04
member,classic_bike,4,8,6,844,12.48
member,classic_bike,6,8,2,52,17.96
casual,electric_bike,7,8,20,776,16.89
member,electric_bike,1,8,6,175,12.97
casual,electric_bike,2,8,16,979,15.35
casual,electric_bike,3,8,21,490,13.97
casual,electric_bike,4,8,14,591,18.72
casual,electric_bike,5,8,8,548,11.33
casual,classic_bike,5,8,17,1296,27.74
member,electric_bike,7,8,15,1315,13.2
casual,classic_bike,7,8,23,671,27.99
member,classic_bike,1,8,22,429,15.41
casual,electric_bike,3,9,8,714,9.35
casual,classic_bike,3,9,12,615,29.87
casual,electric_bike,4,9,0,128,12.7
casual,electric_bike,5,9,16,1162,14.24
member,electric_bike,6,9,0,152,9.99
casual,electric_bike,6,9,3,52,11.52
member,electric_bike,6,9,22,510,12.02
casual,classic_bike,7,9,2,122,24.64
member,classic_bike,7,9,11,1438,13.62
member,electric_bike,7,9,22,513,11.85
casual,electric_bike,2,9,0,284,16.28
casual,electric_bike,2,9,22,417,13.41
casual,classic_bike,4,9,11,418,27.15
member,classic_bike,4,9,13,968,12.25
casual,electric_bike,4,9,17,1114,13.36
member,electric_bike,5,9,19,1079,11.55
member,classic_bike,6,9,5,206,12.67
casual,electric_bike,6,9,15,1014,16.98
casual,electric_bike,7,9,15,1263,19.89
member,electric_bike,7,9,23,397,11.34
member,electric_bike,1,9,3,65,8.58
member,electric_bike,1,9,10,920,11.39
member,electric_bike,1,9,16,1068,13.46
casual,classic_bike,1,9,22,242,19.33
casual,electric_bike,2,9,23,298,13.49
member,electric_bike,3,9,13,919,10.58
member,electric_bike,3,9,15,1628,11.68
member,electric_bike,4,9,2,25,8.84
casual,classic_bike,4,9,7,245,20.95
member,classic_bike,4,9,10,792,11.18
member,electric_bike,6,9,17,2019,12.4
casual,electric_bike,7,9,3,105,11.62
casual,classic_bike,7,9,9,566,35.32
casual,electric_bike,1,9,7,210,18.65
casual,electric_bike,2,9,19,722,13.62
casual,electric_bike,3,9,11,399,14.17
casual,classic_bike,3,9,17,1262,23.16
casual,classic_bike,4,9,8,390,15.65
casual,electric_bike,4,9,23,168,11.98
casual,classic_bike,7,9,21,475,25.1
casual,electric_bike,4,10,7,570,8.24
casual,electric_bike,4,10,11,332,13.61
member,electric_bike,4,10,14,999,10.16
casual,electric_bike,4,10,18,919,11.07
member,electric_bike,5,10,5,243,6.54
member,electric_bike,5,10,8,2317,9.73
member,electric_bike,5,10,11,730,10.03
member,electric_bike,5,10,20,813,10.3
member,classic_bike,5,10,22,555,16.34
member,electric_bike,6,10,5,228,7.44
casual,classic_bike,6,10,15,974,28.39
member,classic_bike,6,10,22,525,12.75
member,classic_bike,7,10,0,223,14.4
member,electric_bike,7,10,7,298,10.3
member,electric_bike,7,10,8,531,9.95
member,electric_bike,7,10,11,1203,12.03
casual,classic_bike,7,10,13,1439,29.82
member,electric_bike,7,10,18,1089,11.73
casual,electric_bike,7,10,21,357,11.64
member,classic_bike,7,10,23,242,21.57
casual,electric_bike,1,10,0,334,11.1
member,classic_bike,1,10,1,134,10.97
member,electric_bike,1,10,2,107,9.53
member,electric_bike,1,10,9,430,11.48
member,classic_bike,1,10,14,1306,17.09
casual,electric_bike,2,10,5,77,6.74
casual,electric_bike,2,10,7,382,7.51
member,electric_bike,2,10,10,464,10.11
casual,classic_bike,2,10,22,142,35.41
casual,electric_bike,3,10,17,806,11.94
casual,classic_bike,4,10,17,775,19.04
casual,classic_bike,5,10,10,406,31.31
casual,classic_bike,7,10,1,211,15.42
member,electric_bike,7,10,6,136,10.47
casual,classic_bike,1,10,5,99,50.22
member,classic_bike,1,10,10,958,15.05
casual,electric_bike,2,10,11,354,19.91
member,classic_bike,3,10,14,786,11.88
member,electric_bike,6,10,20,741,11.04
casual,electric_bike,7,10,2,177,11.35
member,electric_bike,1,10,21,364,9.42
casual,electric_bike,1,10,23,123,15.39
casual,classic_bike,4,10,19,462,16.75
casual,electric_bike,6,10,4,49,6.49
member,classic_bike,7,10,22,320,12.93
casual,electric_bike,3,10,0,85,10.48
member,electric_bike,7,11,13,850,12.05
casual,electric_bike,7,11,20,201,14.65
member,classic_bike,2,11,5,169,13.0
member,electric_bike,2,11,12,470,8.53
casual,electric_bike,2,11,13,269,12.91
member,electric_bike,3,11,5,146,6.81
member,classic_bike,3,11,17,1581,13.68
member,electric_bike,3,11,18,1053,9.3
member,electric_bike,4,11,0,72,8.36
member,classic_bike,4,11,8,1372,12.42
member,electric_bike,4,11,12,547,8.74
member,electric_bike,4,11,17,1590,10.72
member,electric_bike,4,11,19,620,8.95
casual,electric_bike,5,11,6,109,6.13
member,electric_bike,5,11,14,551,9.46
casual,electric_bike,5,11,18,363,9.91
member,classic_bike,5,11,21,369,12.22
casual,classic_bike,6,11,12,290,27.48
casual,electric_bike,6,11,20,194,12.02
member,electric_bike,7,11,1,207,9.47
casual,electric_bike,7,11,7,117,9.87
casual,classic_bike,7,11,12,651,27.27
casual,classic_bike,1,11,13,451,31.51
casual,electric_bike,1,11,21,99,7.86
member,classic_bike,1,11,22,144,9.05
casual,electric_bike,4,11,14,271,9.56
casual,electric_bike,5,11,8,315,7.62
member,electric_bike,5,11,15,868,10.52
casual,electric_bike,6,11,6,132,7.62
member,classic_bike,6,11,9,660,15.0
casual,classic_bike,6,11,17,404,28.4
casual,classic_bike,6,11,19,241,24.63
casual,electric_bike,7,11,6,73,11.27
member,classic_bike,1,11,0,167,10.36
casual,electric_bike,2,11,1,23,20.35
casual,electric_bike,2,11,16,409,9.76
member,electric_bike,2,11,22,187,9.19
member,classic_bike,3,11,23,94,10.77
casual,classic_bike,4,11,9,121,14.5
casual,electric_bike,6,11,7,201,8.91
member,electric_bike,7,11,10,680,10.41
member,classic_bike,7,11,21,289,19.61
casual,classic_bike,7,11,22,140,18.98
casual,classic_bike,1,11,16,394,27.28
member,classic_bike,2,11,11,535,9.44
member,electric_bike,2,11,23,100,9.31
casual,electric_bike,4,11,16,463,9.9
casual,classic_bike,5,11,12,154,21.6
member,classic_bike,6,11,21,322,11.8
member,electric_bike,2,12,6,275,6.87
member,electric_bike,3,12,12,394,8.57
member,classic_bike,7,12,16,321,11.13
casual,electric_bike,1,12,1,37,7.68
member,classic_bike,1,12,18,158,9.63
member,electric_bike,2,12,11,198,10.75
member,electric_bike,2,12,18,439,8.85
member,classic_bike,3,12,11,313,11.14
member,electric_bike,4,12,18,508,10.43
member,electric_bike,5,12,21,149,8.19
casual,electric_bike,1,12,10,39,10.36
member,classic_bike,1,12,11,205,9.22
member,electric_bike,1,12,17,165,8.79
member,classic_bike,2,12,12,335,10.73
member,classic_bike,2,12,17,672,15.85
member,electric_bike,3,12,0,33,7.61
member,classic_bike,3,12,5,94,25.16
member,classic_bike,3,12,7,548,12.8
casual,electric_bike,3,12,16,228,9.39
member,electric_bike,3,12,17,888,10.39
member,electric_bike,3,12,19,336,8.66
member,electric_bike,4,12,5,126,6.88
member,electric_bike,4,12,11,329,10.76
member,classic_bike,5,12,3,4,4.5
member,classic_bike,5,12,16,476,11.11
member,classic_bike,7,12,15,337,11.2
member,electric_bike,1,12,12,136,9.22
member,classic_bike,1,12,20,84,31.4
member,electric_bike,1,12,22,67,8.1
member,electric_bike,2,12,20,177,8.37
member,electric_bike,3,12,22,107,9.43
member,electric_bike,4,12,8,599,8.48
member,classic_bike,6,12,14,290,10.61
member,classic_bike,6,12,15,369,10.86
member,classic_bike,1,12,7,36,33.5
casual,electric_bike,3,12,15,188,10.35
casual,classic_bike,4,12,14,71,21.32
casual,electric_bike,4,1,11,76,11.63
member,electric_bike,5,1,20,198,7.77
member,electric_bike,4,1,10,218,7.02
casual,classic_bike,4,1,22,23,11.57
member,electric_bike,5,1,5,133,5.79
member,electric_bike,5,1,6,426,7.16
member,electric_bike,6,1,5,114,5.82
casual,electric_bike,1,1,22,35,8.11
casual,classic_bike,4,1,0,68,29.41
casual,electric_bike,6,1,4,9,7.89
casual,classic_bike,6,1,15,91,13.21
member,classic_bike,6,1,22,110,19.95
casual,classic_bike,3,1,6,13,8.0
casual,classic_bike,5,1,16,115,16.9
member,classic_bike,7,1,19,182,9.16
member,classic_bike,1,1,15,294,11.1
casual,electric_bike,2,1,8,74,5.93
casual,classic_bike,3,1,18,46,8.02
casual,electric_bike,4,1,5,24,4.87
casual,classic_bike,4,1,19,69,13.61
casual,electric_bike,4,1,20,65,8.69
member,classic_bike,5,1,22,103,9.48
member,classic_bike,6,1,0,37,11.62
casual,electric_bike,6,1,21,72,7.75
member,classic_bike,6,1,23,101,9.86
member,classic_bike,7,2,6,36,10.47
casual,electric_bike,7,2,14,93,10.45
casual,electric_bike,3,2,6,50,5.78
casual,electric_bike,6,2,15,222,10.51
member,electric_bike,6,2,22,105,10.5
member,classic_bike,7,2,18,257,9.93
casual,electric_bike,3,2,5,20,6.25
member,electric_bike,4,2,21,156,7.27
member,electric_bike,5,2,0,15,7.6
casual,classic_bike,5,2,9,35,13.69
casual,electric_bike,5,2,15,140,11.61
member,electric_bike,7,2,22,121,7.36
member,classic_bike,1,2,21,118,11.27
casual,classic_bike,2,2,11,63,49.46
casual,electric_bike,4,2,12,73,7.7
casual,electric_bike,6,2,13,158,11.32
casual,electric_bike,6,2,16,250,9.54
member,classic_bike,7,3,23,145,14.9
casual,classic_bike,1,3,20,127,22.39
casual,electric_bike,2,3,5,37,5.95
casual,electric_bike,3,3,17,435,11.8
member,electric_bike,1,3,21,176,8.1
casual,classic_bike,3,3,7,90,16.27
casual,electric_bike,3,3,12,149,11.8
member,electric_bike,3,3,21,196,7.83
casual,electric_bike,3,3,23,44,7.48
member,classic_bike,6,3,23,217,11.23
member,electric_bike,2,3,1,30,5.87
casual,classic_bike,3,3,8,167,12.05
casual,classic_bike,3,3,20,98,20.99
casual,classic_bike,7,3,15,922,24.05
casual,classic_bike,2,3,22,77,23.17
casual,classic_bike,1,3,18,223,28.57
casual,classic_bike,2,3,19,213,26.68
casual,classic_bike,5,4,21,135,15.26
casual,electric_bike,6,4,14,323,15.82
casual,electric_bike,6,4,15,372,14.17
member,electric_bike,6,4,17,1065,11.98
casual,electric_bike,4,4,12,213,13.37
casual,electric_bike,7,4,1,67,9.36
casual,electric_bike,7,4,16,543,16.84
casual,electric_bike,3,4,6,151,7.03
casual,electric_bike,3,4,20,189,12.56
casual,classic_bike,4,4,11,187,34.39
casual,classic_bike,5,4,9,216,21.15
member,electric_bike,5,4,23,152,9.17
casual,electric_bike,6,4,10,238,15.58
member,classic_bike,6,4,20,434,15.1
member,classic_bike,7,4,6,75,10.73
casual,classic_bike,2,4,6,79,16.18
casual,classic_bike,2,4,20,220,23.7
member,electric_bike,6,4,23,138,8.44
casual,classic_bike,7,4,9,251,29.3
casual,electric_bike,7,4,13,585,18.24
casual,classic_bike,7,4,21,205,25.27
casual,electric_bike,1,4,11,358,16.49
casual,electric_bike,2,4,12,277,15.77
casual,electric_bike,3,4,11,219,13.04
member,classic_bike,7,5,2,67,15.73
casual,classic_bike,1,5,15,1058,33.78
casual,classic_bike,2,5,9,283,34.34
casual,classic_bike,3,5,14,381,30.09
member,electric_bike,3,5,20,464,9.6
casual,electric_bike,4,5,14,327,15.34
casual,electric_bike,6,5,6,200,8.74
casual,electric_bike,1,5,21,185,11.45
casual,classic_bike,3,5,10,229,37.88
casual,electric_bike,4,5,10,134,11.84
casual,electric_bike,4,5,15,504,13.07
casual,classic_bike,5,5,12,469,32.45
casual,classic_bike,5,5,23,180,22.81
member,classic_bike,6,5,4,53,10.7
casual,electric_bike,7,5,6,107,11.91
casual,classic_bike,1,5,3,24,29.58
member,electric_bike,1,5,6,114,11.21
casual,electric_bike,7,5,11,916,22.0
casual,classic_bike,7,5,12,1399,32.64
casual,classic_bike,1,5,10,608,31.65
member,electric_bike,6,5,3,32,8.63
casual,classic_bike,1,6,3,126,27.26
member,electric_bike,2,6,22,375,10.89
member,classic_bike,4,6,5,169,12.38
casual,classic_bike,4,6,21,505,23.35
casual,classic_bike,5,6,12,823,33.69
casual,electric_bike,5,6,18,927,14.37
casual,electric_bike,6,6,6,205,9.14
member,electric_bike,6,6,10,470,10.17
casual,electric_bike,1,6,4,76,12.04
casual,electric_bike,1,6,9,631,18.34
casual,classic_bike,3,6,16,967,27.22
casual,classic_bike,4,6,9,270,23.79
member,electric_bike,4,6,22,319,11.03
member,electric_bike,4,6,23,152,10.88
casual,classic_bike,5,6,19,1066,24.98
casual,classic_bike,5,6,23,241,19.26
member,classic_bike,6,6,4,53,12.26
member,electric_bike,7,6,1,182,10.29
casual,electric_bike,7,6,6,104,11.53
casual,electric_bike,7,6,8,369,15.8
casual,electric_bike,7,6,20,675,15.48
casual,classic_bike,1,6,10,1330,34.07
casual,electric_bike,3,6,21,415,14.21
member,classic_bike,3,6,22,430,11.83
casual,electric_bike,4,6,1,46,16.37
casual,electric_bike,4,6,10,254,19.94
member,classic_bike,5,6,4,28,11.18
casual,classic_bike,6,6,19,1186,30.54
casual,classic_bike,7,6,0,525,29.94
member,electric_bike,2,6,0,106,13.53
casual,classic_bike,2,6,9,512,32.71
member,classic_bike,3,6,0,76,15.26
casual,electric_bike,4,6,13,361,15.29
member,electric_bike,5,6,3,16,11.06
member,classic_bike,7,6,2,99,27.93
casual,electric_bike,3,7,4,49,9.12
casual,electric_bike,4,7,13,631,17.27
casual,classic_bike,5,7,23,290,26.11
member,classic_bike,6,7,9,798,12.31
casual,electric_bike,6,7,11,607,20.09
casual,classic_bike,7,7,12,1363,30.9
member,classic_bike,1,7,0,286,12.9
casual,classic_bike,1,7,1,340,28.47
casual,electric_bike,1,7,21,433,18.29
member,electric_bike,2,7,23,161,12.0
casual,classic_bike,6,7,19,1262,32.39
member,classic_bike,7,7,2,105,16.84
casual,electric_bike,7,7,8,394,18.7
casual,electric_bike,1,7,9,517,19.3
member,electric_bike,2,7,0,77,10.06
casual,electric_bike,3,7,2,53,14.15
casual,classic_bike,3,7,13,834,35.44
member,electric_bike,4,7,0,92,11.79
casual,electric_bike,5,7,5,105,8.17
casual,electric_bike,7,7,7,216,18.66
casual,electric_bike,1,7,4,71,12.89
member,electric_bike,1,7,5,39,13.67
casual,electric_bike,2,7,15,837,17.54
member,classic_bike,3,7,0,92,14.89
casual,classic_bike,3,7,1,62,21.18
casual,electric_bike,3,7,9,454,16.27
casual,classic_bike,5,7,22,591,25.44
casual,electric_bike,6,7,5,78,13.01
member,classic_bike,7,7,21,656,20.59
casual,electric_bike,2,7,1,110,14.88
casual,electric_bike,3,8,9,298,14.63
casual,electric_bike,4,8,13,533,19.52
casual,classic_bike,5,8,22,341,27.54
casual,classic_bike,6,8,19,1174,26.69
casual,electric_bike,2,8,10,278,16.69
member,electric_bike,4,8,23,220,10.65
casual,electric_bike,5,8,11,461,21.73
casual,electric_bike,5,8,18,1025,14.2
casual,electric_bike,7,8,7,312,15.45
member,classic_bike,1,8,0,303,13.99
casual,electric_bike,3,8,2,49,18.22
casual,classic_bike,3,8,15,591,29.14
casual,classic_bike,5,8,12,704,31.49
casual,electric_bike,6,8,5,97,10.18
casual,classic_bike,7,8,0,426,25.88
member,classic_bike,2,9,3,24,27.29
casual,classic_bike,2,9,18,1248,22.94
casual,electric_bike,4,9,19,545,13.2
member,electric_bike,4,9,21,592,11.15
casual,classic_bike,5,9,2,22,26.68
casual,electric_bike,5,9,10,306,15.74
casual,classic_bike,6,9,9,358,34.36
casual,electric_bike,6,9,14,888,17.97
member,electric_bike,7,9,17,1150,13.56
casual,classic_bike,1,9,17,1054,34.59
casual,electric_bike,1,9,20,433,15.51
member,classic_bike,5,9,5,237,9.95
casual,electric_bike,5,9,15,778,16.68
casual,electric_bike,6,9,10,497,20.44
casual,electric_bike,1,9,5,67,12.96
casual,classic_bike,2,9,6,116,24.99
casual,classic_bike,3,9,0,134,14.44
casual,classic_bike,3,9,22,215,30.63
casual,classic_bike,3,9,23,137,30.91
member,classic_bike,4,9,1,29,10.31
casual,electric_bike,7,9,1,257,10.34
casual,classic_bike,1,9,23,105,15.7
member,electric_bike,5,9,12,788,10.37
casual,electric_bike,5,9,13,533,17.19
casual,electric_bike,4,10,6,276,6.84
casual,electric_bike,4,10,8,674,8.56
casual,electric_bike,5,10,9,415,10.34
casual,classic_bike,5,10,16,781,19.13
casual,classic_bike,6,10,16,1031,29.44
casual,electric_bike,1,10,17,743,16.3
casual,electric_bike,2,10,8,429,10.98
casual,electric_bike,3,10,23,116,8.23
casual,classic_bike,4,10,23,119,24.51
member,classic_bike,5,10,0,95,21.52
casual,electric_bike,7,10,9,649,15.99
member,classic_bike,2,10,4,25,10.4
casual,classic_bike,2,10,12,522,31.32
casual,classic_bike,3,10,20,197,20.3
casual,electric_bike,4,10,5,90,6.13
casual,electric_bike,4,10,20,438,10.72
casual,electric_bike,5,10,21,398,9.92
casual,electric_bike,7,10,4,66,10.74
casual,classic_bike,3,10,11,292,40.48
casual,classic_bike,6,10,3,23,21.83
casual,classic_bike,6,10,10,585,35.36
casual,classic_bike,7,10,3,65,27.38
casual,classic_bike,1,10,18,614,28.38
member,classic_bike,3,11,22,200,11.04
casual,classic_bike,4,11,21,105,34.15
member,electric_bike,4,11,23,150,9.36
member,electric_bike,6,11,10,428,8.61
casual,electric_bike,6,11,11,321,15.09
casual,electric_bike,6,11,18,389,10.16
casual,electric_bike,4,11,1,29,9.97
casual,electric_bike,4,11,15,336,9.31
casual,electric_bike,5,11,5,36,6.25
casual,electric_bike,5,11,20,172,8.88
casual,classic_bike,5,11,22,93,14.08
member,classic_bike,7,11,2,122,11.34
casual,electric_bike,1,11,2,95,10.03
member,electric_bike,1,11,7,132,10.71
casual,classic_bike,1,11,15,539,22.44
member,classic_bike,1,11,19,382,9.7
casual,classic_bike,2,11,2,6,8.0
casual,classic_bike,3,11,16,228,20.24
member,classic_bike,4,11,5,180,18.33
member,electric_bike,4,11,22,242,9.28
casual,classic_bike,6,11,0,45,14.56
member,electric_bike,6,11,1,37,9.08
casual,classic_bike,7,11,23,119,15.5
casual,electric_bike,3,11,9,181,8.31
casual,classic_bike,3,11,13,145,21.21
casual,classic_bike,3,12,21,38,12.82
casual,electric_bike,4,12,9,69,7.74
casual,electric_bike,5,12,22,41,6.93
casual,electric_bike,6,12,19,109,11.56
member,electric_bike,6,12,21,95,8.63
member,classic_bike,7,12,13,364,10.81
casual,electric_bike,4,12,21,78,9.91
casual,classic_bike,5,12,7,35,8.31
member,electric_bike,6,12,2,12,10.67
casual,electric_bike,6,12,12,107,9.27
casual,electric_bike,1,12,16,69,9.52
member,electric_bike,1,12,19,118,9.22
casual,electric_bike,5,12,17,168,9.67
member,electric_bike,6,12,4,21,10.14
member,electric_bike,7,12,2,41,8.93
member,electric_bike,7,12,9,209,8.13
casual,electric_bike,7,12,12,135,10.83
casual,electric_bike,1,12,14,64,10.14
casual,classic_bike,4,12,3,5,7.0
member,electric_bike,7,12,4,9,8.56
member,electric_bike,1,12,23,34,6.79
casual,electric_bike,3,12,14,180,11.55
casual,classic_bike,4,12,15,78,15.33
member,electric_bike,4,1,1,66,10.74
casual,classic_bike,4,1,17,109,28.15
member,classic_bike,5,1,19,388,10.18
casual,electric_bike,1,1,17,66,9.76
member,classic_bike,5,1,23,43,13.53
casual,classic_bike,2,1,17,53,8.83
casual,electric_bike,2,1,18,64,7.31
casual,electric_bike,4,1,8,123,6.78
casual,electric_bike,4,1,18,100,8.82
member,classic_bike,1,1,3,13,8.85
casual,electric_bike,2,1,11,46,7.04
casual,electric_bike,3,1,19,42,7.1
casual,electric_bike,4,1,7,100,6.03
casual,electric_bike,5,1,9,113,6.67
casual,classic_bike,5,1,13,88,15.84
casual,classic_bike,5,1,15,96,15.94
casual,electric_bike,1,2,11,120,10.49
casual,electric_bike,2,2,12,70,10.5
casual,electric_bike,3,2,11,74,10.57
casual,electric_bike,4,2,17,177,9.12
casual,electric_bike,6,2,10,64,10.06
casual,electric_bike,7,2,13,102,10.92
casual,classic_bike,2,2,18,73,12.19
casual,classic_bike,3,2,17,156,14.41
casual,electric_bike,4,2,0,17,9.53
casual,classic_bike,4,2,8,59,8.63
member,classic_bike,1,2,9,249,9.03
member,electric_bike,2,2,2,9,8.44
member,electric_bike,1,2,16,331,10.16
casual,electric_bike,1,2,18,81,10.02
casual,electric_bike,3,2,18,119,8.54
casual,classic_bike,4,2,18,60,10.43
member,classic_bike,5,2,5,51,11.51
casual,electric_bike,5,2,13,85,9.29
casual,electric_bike,6,2,1,13,6.85
casual,classic_bike,3,3,18,294,26.41
member,classic_bike,5,3,0,48,6.58
casual,electric_bike,5,3,21,113,11.0
casual,electric_bike,6,3,2,37,14.38
casual,classic_bike,6,3,15,690,30.58
casual,classic_bike,7,3,10,497,26.05
casual,electric_bike,7,3,2,51,11.61
casual,electric_bike,2,3,11,182,12.49
member,classic_bike,5,3,22,245,9.98
casual,electric_bike,1,3,19,139,14.38
casual,electric_bike,5,4,10,154,14.66
member,electric_bike,7,4,23,207,10.21
casual,classic_bike,2,4,18,570,28.29
casual,classic_bike,4,4,7,120,12.57
casual,classic_bike,6,4,2,27,64.37
casual,classic_bike,1,4,17,614,36.54
member,electric_bike,2,4,4,38,7.32
casual,classic_bike,2,4,7,107,13.79
casual,classic_bike,2,4,11,260,36.23
casual,classic_bike,1,4,0,128,24.27
casual,classic_bike,1,4,22,90,22.01
casual,classic_bike,2,4,8,207,16.86
casual,classic_bike,3,4,12,302,28.19
casual,electric_bike,6,5,20,368,13.5
casual,electric_bike,1,5,9,283,12.88
casual,classic_bike,1,5,14,1107,33.98
member,classic_bike,1,5,23,98,10.87
casual,electric_bike,2,5,14,487,19.36
member,electric_bike,2,5,22,217,9.42
casual,electric_bike,3,5,21,234,12.14
member,electric_bike,4,5,0,73,7.85
casual,electric_bike,5,5,5,77,7.71
casual,electric_bike,7,5,18,777,16.75
casual,electric_bike,2,5,1,42,9.76
casual,electric_bike,2,5,16,689,14.88
casual,classic_bike,7,5,23,428,31.05
casual,electric_bike,3,6,9,297,14.56
casual,classic_bike,6,6,22,571,27.33
casual,classic_bike,5,6,0,108,33.5
casual,electric_bike,3,6,2,42,9.48
casual,classic_bike,1,6,1,301,22.44
casual,electric_bike,2,6,1,132,18.14
casual,classic_bike,3,6,14,558,32.7
member,electric_bike,4,6,0,46,10.93
casual,classic_bike,5,6,22,449,26.15
casual,classic_bike,2,6,21,593,27.46
casual,classic_bike,3,7,16,1165,25.77
casual,classic_bike,5,7,0,155,17.6
casual,classic_bike,6,7,23,531,26.02
casual,classic_bike,7,7,23,662,30.99
member,electric_bike,2,7,22,334,11.1
member,electric_bike,4,7,23,257,11.26
member,electric_bike,7,8,3,77,9.53
member,classic_bike,2,8,5,234,11.72
member,classic_bike,3,8,0,49,11.04
casual,classic_bike,3,8,16,665,24.39
member,electric_bike,6,8,3,41,8.37
member,electric_bike,1,8,5,62,8.81
member,classic_bike,5,8,2,29,12.83
casual,electric_bike,7,8,6,143,12.87
member,electric_bike,2,8,22,188,11.36
casual,electric_bike,3,8,4,27,6.85
casual,classic_bike,1,8,3,137,35.58
member,electric_bike,4,9,4,39,7.56
casual,classic_bike,4,9,18,768,20.93
casual,classic_bike,5,9,21,295,17.43
casual,classic_bike,4,9,6,133,17.93
casual,classic_bike,5,9,4,12,6.58
casual,classic_bike,4,9,20,335,18.77
member,classic_bike,1,9,2,117,15.04
casual,electric_bike,4,9,22,296,11.97
casual,classic_bike,5,9,9,270,21.93
casual,classic_bike,2,9,7,305,20.83
casual,classic_bike,2,9,20,418,25.15
casual,classic_bike,3,10,6,61,23.69
casual,classic_bike,3,10,7,180,14.26
casual,electric_bike,3,10,19,352,9.74
casual,electric_bike,6,10,2,73,8.63
casual,electric_bike,2,10,6,195,7.19
casual,electric_bike,2,10,20,274,10.46
casual,electric_bike,5,10,2,37,10.41
member,electric_bike,4,10,1,42,8.17
casual,electric_bike,7,11,8,222,10.48
casual,electric_bike,1,11,9,257,13.49
casual,electric_bike,2,11,14,244,12.61
casual,classic_bike,3,11,10,112,17.71
casual,classic_bike,2,11,21,73,14.81
casual,electric_bike,4,11,10,144,9.7
casual,classic_bike,5,11,19,133,14.46
casual,classic_bike,5,11,23,60,12.5
member,electric_bike,7,11,3,61,9.2
casual,classic_bike,1,11,1,125,17.19
member,electric_bike,1,11,6,98,9.17
casual,electric_bike,2,11,3,10,6.5
casual,classic_bike,2,11,9,95,27.91
casual,classic_bike,6,11,22,116,14.97
casual,electric_bike,7,11,11,541,16.69
casual,classic_bike,7,11,17,516,23.89
casual,classic_bike,3,11,14,171,27.23
casual,electric_bike,4,11,3,13,7.15
casual,electric_bike,2,12,9,57,5.98
member,classic_bike,3,12,20,207,15.34
casual,classic_bike,4,12,10,40,20.45
casual,classic_bike,6,12,7,18,8.44
casual,electric_bike,6,12,23,64,7.3
casual,classic_bike,2,12,10,28,18.18
casual,classic_bike,3,12,9,64,19.81
casual,electric_bike,5,12,0,35,8.0
member,classic_bike,3,12,6,240,21.31
casual,electric_bike,6,12,17,158,9.39
casual,electric_bike,2,1,6,38,5.39
casual,classic_bike,4,1,12,69,20.03
casual,classic_bike,7,1,14,123,20.07
casual,electric_bike,1,1,0,51,7.25
casual,electric_bike,2,1,7,67,5.66
casual,classic_bike,5,1,10,56,10.96
casual,classic_bike,6,1,14,79,21.46
casual,classic_bike,3,1,8,56,13.95
casual,electric_bike,3,2,20,64,9.58
casual,electric_bike,5,2,3,6,6.33
casual,electric_bike,3,2,7,99,6.3
casual,electric_bike,1,3,23,46,10.5
casual,classic_bike,5,3,10,78,22.22
casual,classic_bike,5,3,1,10,8.3
casual,electric_bike,4,3,20,94,10.51
casual,classic_bike,5,3,13,146,24.68
casual,electric_bike,1,4,6,38,10.0
casual,electric_bike,2,4,0,58,12.78
casual,electric_bike,2,4,19,305,12.49
member,classic_bike,3,4,4,48,9.96
casual,classic_bike,6,4,21,169,28.11
casual,classic_bike,7,4,2,43,41.77
casual,classic_bike,5,5,19,586,26.7
casual,electric_bike,7,5,7,150,12.73
casual,electric_bike,7,5,20,378,15.72
casual,classic_bike,1,5,1,156,30.69
member,classic_bike,1,5,0,152,19.66
member,electric_bike,5,5,3,16,9.0
casual,classic_bike,6,5,0,166,25.13
casual,classic_bike,7,5,0,320,35.49
member,electric_bike,1,5,5,48,10.02
casual,classic_bike,4,5,4,17,39.94
casual,electric_bike,7,5,5,44,15.27
casual,classic_bike,2,5,2,29,18.1
casual,classic_bike,3,5,1,20,19.25
member,classic_bike,4,5,5,204,12.27
member,classic_bike,6,6,2,42,12.02
casual,classic_bike,4,6,4,21,23.67
casual,electric_bike,2,6,3,48,11.29
member,electric_bike,5,7,3,35,10.71
member,electric_bike,5,7,1,53,12.68
casual,classic_bike,1,7,3,132,21.09
member,electric_bike,6,7,3,30,22.8
member,classic_bike,7,8,4,39,11.33
member,electric_bike,4,8,0,84,11.68
member,electric_bike,2,8,0,92,9.55
casual,classic_bike,6,8,23,551,28.31
member,electric_bike,2,9,2,42,10.4
casual,classic_bike,6,9,2,37,36.05
casual,classic_bike,6,9,4,30,23.73
member,electric_bike,2,10,1,38,10.87
casual,electric_bike,3,10,22,159,9.5
casual,classic_bike,4,10,22,189,19.77
casual,classic_bike,1,10,6,213,30.94
member,electric_bike,2,10,3,18,33.28
casual,classic_bike,3,10,8,254,20.2
casual,electric_bike,1,10,22,209,12.33
member,electric_bike,5,11,1,39,13.1
member,classic_bike,7,11,4,27,7.15
casual,classic_bike,7,11,0,234,23.98
member,classic_bike,3,11,0,33,13.45
member,classic_bike,5,12,10,241,9.87
casual,classic_bike,7,12,8,33,28.09
casual,classic_bike,5,12,20,33,13.36
casual,electric_bike,7,12,23,90,9.3
casual,electric_bike,3,12,10,71,8.34
member,classic_bike,4,12,23,62,20.24
member,classic_bike,5,12,1,12,9.08
casual,classic_bike,5,12,11,48,33.0
casual,electric_bike,5,12,12,82,9.12
casual,electric_bike,7,12,22,90,12.44
casual,classic_bike,1,12,9,16,19.25
casual,electric_bike,1,12,13,46,14.48
casual,electric_bike,3,12,1,14,9.0
casual,electric_bike,3,12,13,130,14.18
casual,classic_bike,7,1,13,92,24.42
casual,electric_bike,1,1,12,50,6.68
casual,electric_bike,2,1,5,15,5.2
casual,classic_bike,2,1,19,31,9.26
casual,electric_bike,2,1,20,34,8.88
member,classic_bike,4,1,2,26,10.96
casual,classic_bike,5,1,14,88,22.27
member,classic_bike,3,1,3,6,6.33
casual,electric_bike,4,1,6,50,5.16
casual,classic_bike,7,2,9,55,12.35
casual,electric_bike,7,2,16,91,10.76
casual,classic_bike,2,2,20,48,12.48
casual,electric_bike,1,2,20,47,9.21
casual,electric_bike,2,2,19,71,8.66
casual,classic_bike,6,3,14,532,31.63
member,electric_bike,1,3,2,44,9.3
casual,classic_bike,1,3,5,15,10.53
casual,classic_bike,1,3,8,119,34.28
casual,classic_bike,6,3,1,25,12.72
casual,electric_bike,4,4,0,65,8.68
casual,classic_bike,4,4,18,451,29.14
casual,classic_bike,1,4,23,42,17.55
casual,classic_bike,3,4,0,49,38.16
casual,classic_bike,4,4,20,213,20.44
casual,electric_bike,4,4,23,107,10.07
casual,electric_bike,4,5,3,22,12.32
member,electric_bike,6,5,1,77,10.17
member,electric_bike,7,6,3,49,10.65
casual,electric_bike,3,6,4,26,9.96
casual,electric_bike,4,6,3,22,7.45
casual,electric_bike,4,7,3,45,21.27
casual,classic_bike,2,7,4,21,22.43
member,classic_bike,6,8,4,63,13.24
casual,classic_bike,2,8,2,46,15.15
casual,classic_bike,2,8,21,218,19.11
member,electric_bike,3,9,1,42,13.24
member,classic_bike,3,10,1,18,8.11
casual,classic_bike,2,10,23,41,13.54
casual,classic_bike,4,10,0,56,15.36
casual,electric_bike,5,11,11,161,12.75
casual,classic_bike,6,11,23,162,14.94
member,electric_bike,1,11,5,43,8.56
casual,classic_bike,7,12,7,18,21.0
casual,electric_bike,7,12,19,80,13.09
member,electric_bike,7,12,21,99,9.38
member,electric_bike,5,12,4,26,5.81
casual,classic_bike,4,12,13,74,16.58
casual,classic_bike,5,12,8,37,16.97
casual,electric_bike,1,12,15,73,11.04
casual,classic_bike,1,12,21,18,43.0
member,classic_bike,7,12,1,30,10.33
casual,classic_bike,7,12,11,88,23.6
casual,electric_bike,7,1,9,61,8.85
casual,classic_bike,2,1,23,7,5.86
casual,classic_bike,7,1,10,63,20.89
casual,classic_bike,2,1,12,48,15.0
casual,classic_bike,1,1,8,13,10.62
casual,classic_bike,3,1,20,28,11.64
casual,classic_bike,1,2,17,123,20.73
casual,classic_bike,3,2,19,51,11.29
casual,classic_bike,3,2,22,24,8.96
casual,classic_bike,2,2,7,47,12.49
casual,electric_bike,4,2,23,21,7.86
casual,classic_bike,6,2,21,30,15.97
casual,electric_bike,3,3,22,76,10.43
member,electric_bike,3,3,4,29,8.76
casual,electric_bike,1,3,22,90,12.41
casual,classic_bike,4,3,19,83,22.22
member,classic_bike,2,4,3,12,12.0
casual,classic_bike,4,4,6,47,10.49
casual,electric_bike,7,4,3,22,6.77
member,classic_bike,3,5,0,51,12.14
casual,electric_bike,4,5,1,37,8.27
casual,electric_bike,2,5,3,28,14.93
casual,electric_bike,6,6,5,89,13.51
casual,electric_bike,7,6,5,51,11.53
casual,electric_bike,1,8,4,99,13.13
casual,classic_bike,2,8,4,25,17.88
casual,classic_bike,2,9,5,38,17.71
casual,classic_bike,6,10,1,91,47.41
member,classic_bike,1,10,3,44,9.23
casual,classic_bike,3,10,5,44,10.5
casual,classic_bike,3,11,1,18,22.94
member,electric_bike,6,11,3,20,10.65
casual,classic_bike,4,12,16,76,34.53
member,classic_bike,6,12,1,18,6.28
casual,classic_bike,7,12,5,8,4.88
casual,classic_bike,6,12,20,52,12.71
casual,classic_bike,5,12,18,87,35.01
casual,classic_bike,2,12,13,44,22.05
member,classic_bike,7,1,23,67,8.64
casual,electric_bike,3,1,22,23,9.04
casual,classic_bike,6,2,4,4,8.25
casual,electric_bike,4,2,19,80,6.82
member,classic_bike,1,4,4,21,10.48
casual,electric_bike,1,5,4,29,10.59
member,electric_bike,5,6,1,50,14.84
member,electric_bike,6,8,1,93,11.05
member,classic_bike,7,9,5,66,16.11
casual,classic_bike,4,9,5,46,18.3
casual,electric_bike,7,11,5,27,6.85
casual,electric_bike,2,11,10,135,16.12
casual,classic_bike,7,12,6,7,6.0
casual,classic_bike,6,12,6,9,6.78
casual,classic_bike,7,12,20,39,14.74
member,classic_bike,5,1,0,26,10.96
casual,classic_bike,1,1,11,45,16.89
casual,classic_bike,7,2,4,5,7.8
casual,classic_bike,2,2,6,25,8.28
member,classic_bike,1,2,2,27,10.48
casual,classic_bike,1,2,0,27,10.44
casual,classic_bike,3,3,5,13,19.38
casual,classic_bike,2,3,23,48,27.29
casual,electric_bike,1,3,0,79,8.82
casual,classic_bike,1,3,6,27,35.96
casual,electric_bike,1,4,7,69,10.14
casual,electric_bike,3,4,5,47,6.17
casual,classic_bike,3,6,1,54,24.46
casual,electric_bike,7,7,5,65,12.32
casual,classic_bike,3,8,3,12,10.75
member,classic_bike,3,9,4,55,12.98
member,classic_bike,3,9,2,21,14.67
casual,electric_bike,2,12,21,46,7.91
casual,classic_bike,3,12,2,5,7.4
casual,electric_bike,5,12,23,37,8.16
casual,classic_bike,6,1,1,11,55.27
casual,electric_bike,5,1,21,57,7.84
casual,classic_bike,1,2,19,33,13.7
casual,classic_bike,4,2,11,46,13.13
member,classic_bike,1,2,4,12,11.58
casual,classic_bike,4,2,7,38,8.16
casual,classic_bike,4,3,23,25,12.48
casual,classic_bike,6,4,4,14,19.14
member,electric_bike,1,4,3,29,7.28
casual,classic_bike,2,6,2,73,27.95
member,electric_bike,6,7,1,67,9.01
casual,electric_bike,2,7,3,29,19.34
member,classic_bike,7,7,4,25,9.32
casual,classic_bike,4,8,4,10,7.9
member,classic_bike,1,9,4,34,12.59
casual,classic_bike,6,12,11,63,18.56
casual,classic_bike,6,1,13,62,21.29
casual,classic_bike,7,2,21,31,15.13
casual,classic_bike,3,2,12,65,16.31
casual,classic_bike,7,3,3,20,18.15
member,electric_bike,3,4,3,19,10.53
member,classic_bike,2,4,1,10,14.1
casual,classic_bike,3,6,3,15,20.13
casual,electric_bike,2,8,3,47,19.0
casual,classic_bike,5,8,0,116,22.21
casual,classic_bike,5,10,1,41,32.44
member,classic_bike,2,12,23,44,10.02
casual,classic_bike,2,12,14,51,18.33
member,electric_bike,1,1,2,16,7.31
casual,electric_bike,2,2,0,17,9.35
casual,electric_bike,4,7,1,105,15.52
casual,classic_bike,6,1,10,29,17.31
member,classic_bike,4,4,1,29,11.03
member,electric_bike,4,4,4,34,7.56
casual,classic_bike,4,4,5,22,47.23
member,classic_bike,6,5,2,35,16.26
casual,classic_bike,1,11,3,30,13.8
member,classic_bike,4,1,4,20,8.15
member,electric_bike,2,3,3,13,6.46
casual,classic_bike,5,4,4,10,18.9
member,classic_bike,5,5,4,51,9.76
casual,classic_bike,4,6,2,20,17.95
casual,classic_bike,2,7,2,39,22.36
casual,classic_bike,2,10,0,59,19.59
casual,classic_bike,4,3,22,39,14.03
casual,electric_bike,1,4,5,21,12.0
casual,classic_bike,2,6,4,22,18.91
member,electric_bike,7,2,0,53,7.58
casual,electric_bike,3,5,4,11,10.09
casual,electric_bike,4,8,1,64,9.89
casual,electric_bike,5,9,3,16,8.44
casual,electric_bike,7,12,0,71,12.58
member,electric_bike,2,4,2,21,10.0
casual,classic_bike,2,2,8,55,13.44
casual,electric_bike,3,1,0,12,20.83
casual,electric_bike,1,11,4,31,10.87
casual,classic_bike,5,10,3,19,43.11
member,electric_bike,3,4,1,26,9.88
casual,classic_bike,2,12,16,81,14.21
member,classic_bike,5,8,4,45,13.49
casual,classic_bike,5,2,21,22,20.27
casual,classic_bike,4,7,2,40,25.9
casual,classic_bike,7,1,16,96,27.2
member,classic_bike,4,12,0,32,13.28
casual,electric_bike,7,1,4,8,10.0
casual,electric_bike,2,4,23,69,11.78
member,classic_bike,7,4,5,16,27.38
member,electric_bike,3,10,4,36,7.75
member,classic_bike,7,2,5,13,16.38
casual,electric_bike,3,5,2,34,14.56
casual,classic_bike,2,1,22,21,12.0
casual,classic_bike,1,12,2,17,17.82
casual,classic_bike,6,12,8,40,11.88
casual,classic_bike,7,1,1,20,49.8
member,electric_bike,2,1,1,10,5.1
member,classic_bike,4,4,3,17,6.12
casual,electric_bike,3,1,23,21,7.29
member,electric_bike,4,2,2,11,5.09
casual,electric_bike,7,2,1,32,11.97
member,classic_bike,3,2,4,18,7.56
casual,electric_bike,1,2,7,17,12.24
casual,electric_bike,6,3,4,10,6.5
casual,electric_bike,5,4,1,14,9.79
casual,electric_bike,4,8,3,25,15.92
member,electric_bike,5,8,3,11,7.09
casual,classic_bike,7,9,4,36,28.28
member,classic_bike,4,10,2,9,8.0
member,classic_bike,4,10,4,28,12.79
member,classic_bike,6,11,2,18,11.28
member,electric_bike,2,11,0,42,6.62
casual,electric_bike,5,12,19,91,7.74
member,classic_bike,1,12,6,14,42.86
casual,classic_bike,3,1,7,27,6.44
casual,classic_bike,2,2,5,10,6.8
member,classic_bike,2,3,2,8,13.25
casual,classic_bike,6,3,3,8,28.38
member,classic_bike,5,7,2,26,9.38
member,classic_bike,6,7,2,35,14.0
member,electric_bike,7,10,5,42,8.6
member,electric_bike,5,11,3,19,6.37
member,classic_bike,1,12,5,13,6.08
member,classic_bike,1,1,1,28,10.29
casual,classic_bike,7,1,3,6,15.83
casual,classic_bike,4,2,20,25,9.0
casual,electric_bike,6,11,5,35,6.57
member,classic_bike,5,11,2,15,6.8
casual,classic_bike,3,11,3,4,5.0
casual,electric_bike,4,12,4,14,4.86
casual,classic_bike,1,1,20,19,14.84
casual,electric_bike,7,2,3,12,7.67
casual,electric_bike,1,2,8,35,6.43
member,classic_bike,2,2,3,6,11.67
casual,classic_bike,4,2,6,15,5.8
casual,classic_bike,5,2,4,3,7.67
casual,electric_bike,5,3,4,14,11.43
casual,electric_bike,6,4,3,10,14.9
member,classic_bike,4,9,3,16,13.38
casual,electric_bike,6,12,0,24,6.08
member,classic_bike,2,12,0,25,12.28
member,electric_bike,2,1,3,7,8.86
member,classic_bike,2,2,1,10,9.4
member,electric_bike,1,3,4,24,8.71
casual,classic_bike,3,5,3,9,11.33
member,electric_bike,3,9,3,19,9.42
member,classic_bike,6,11,4,16,13.19
casual,classic_bike,1,12,4,5,9.0
casual,electric_bike,6,1,2,16,7.06
casual,classic_bike,7,4,4,8,16.5
casual,classic_bike,4,5,2,21,46.24
member,classic_bike,2,10,2,13,10.77
casual,classic_bike,1,1,7,7,20.29
member,classic_bike,2,3,4,17,16.53
casual,electric_bike,3,12,3,13,11.92
member,classic_bike,3,3,1,12,6.58
member,electric_bike,6,6,3,25,15.08
member,electric_bike,4,3,3,19,10.68
casual,electric_bike,1,1,23,19,6.42
casual,classic_bike,4,2,5,10,11.7
casual,electric_bike,5,3,2,16,11.88
casual,classic_bike,4,11,2,6,10.83
casual,electric_bike,2,12,4,9,9.67
casual,classic_bike,4,3,0,22,18.86
casual,classic_bike,2,11,4,9,9.0
member,electric_bike,3,2,3,7,6.43
member,classic_bike,3,10,3,10,5.7
casual,electric_bike,1,1,19,32,7.25
member,classic_bike,4,2,1,3,8.33
member,classic_bike,2,1,4,10,10.4
member,electric_bike,7,1,5,16,5.56
casual,electric_bike,5,10,4,31,9.0
casual,electric_bike,4,12,2,18,11.89
casual,classic_bike,2,12,15,47,14.28
casual,classic_bike,6,1,3,3,9.33
casual,classic_bike,7,2,2,9,7.22
casual,classic_bike,5,2,2,1,6.0
casual,electric_bike,5,4,3,16,8.31
casual,electric_bike,7,1,2,24,12.75
casual,classic_bike,2,1,0,3,7.33
member,electric_bike,5,12,2,5,21.2
casual,electric_bike,1,12,3,10,10.7
casual,electric_bike,3,11,4,14,6.79
casual,electric_bike,3,11,2,24,11.67
member,classic_bike,7,12,3,9,76.78
member,electric_bike,4,1,3,12,10.5
casual,classic_bike,3,2,0,4,7.5
member,electric_bike,4,10,3,8,11.75
casual,classic_bike,2,5,4,15,13.13
casual,classic_bike,6,12,5,7,47.14
casual,electric_bike,5,1,2,10,5.0
casual,electric_bike,2,12,2,12,12.08
member,electric_bike,3,2,1,13,5.62
member,classic_bike,4,3,2,10,7.7
casual,electric_bike,1,2,5,7,6.57
casual,classic_bike,4,11,4,13,7.54
casual,classic_bike,5,1,1,6,18.67
casual,electric_bike,1,2,6,10,4.6
member,electric_bike,3,10,2,14,13.86
casual,classic_bike,5,12,5,6,112.5
casual,classic_bike,1,2,22,17,7.35
casual,electric_bike,5,1,4,6,6.67
casual,classic_bike,6,2,2,4,5.0
casual,electric_bike,5,2,1,3,7.0
casual,classic_bike,5,4,2,11,12.91
casual,classic_bike,1,1,6,12,9.58
casual,classic_bike,3,2,23,4,4.25
casual,classic_bike,4,12,1,15,12.33
member,classic_bike,4,2,3,3,10.67
casual,classic_bike,2,12,3,5,4.4
casual,classic_bike,1,1,5,2,3.5
casual,classic_bike,5,3,3,2,28.0
member,classic_bike,3,1,1,3,3.0
member,classic_bike,3,3,3,2,4.5
member,classic_bike,6,12,3,1,7.0
casual,classic_bike,1,2,23,6,17.17
casual,classic_bike,2,12,1,6,230.67
casual,classic_bike,3,12,4,2,10.0
casual,classic_bike,5,1,3,1,11.0
member,classic_bike,2,1,2,2,27.5
member,electric_bike,3,1,2,2,7.0